<?xml version="1.0" encoding="UTF-8"?><rss version="2.0"
	xmlns:content="http://purl.org/rss/1.0/modules/content/"
	xmlns:wfw="http://wellformedweb.org/CommentAPI/"
	xmlns:dc="http://purl.org/dc/elements/1.1/"
	xmlns:atom="http://www.w3.org/2005/Atom"
	xmlns:sy="http://purl.org/rss/1.0/modules/syndication/"
	xmlns:slash="http://purl.org/rss/1.0/modules/slash/"
	>

<channel>
	<title>Marketing &#8211; muhammat-suchaimi.online</title>
	<atom:link href="/index.php/category/marketing/feed/" rel="self" type="application/rss+xml" />
	<link>/</link>
	<description></description>
	<lastBuildDate>Mon, 10 Jul 2023 17:41:18 +0000</lastBuildDate>
	<language>id</language>
	<sy:updatePeriod>
	hourly	</sy:updatePeriod>
	<sy:updateFrequency>
	1	</sy:updateFrequency>
	<generator>https://wordpress.org/?v=6.4.3</generator>
	<item>
		<title>Startup Lessons: Stories of Success and Failure</title>
		<link>/index.php/2023/07/10/startup-lessons-stories-of-success-and-failure/</link>
					<comments>/index.php/2023/07/10/startup-lessons-stories-of-success-and-failure/#comments</comments>
		
		<dc:creator><![CDATA[muhammat-suchaimi.online]]></dc:creator>
		<pubDate>Mon, 10 Jul 2023 17:41:18 +0000</pubDate>
				<category><![CDATA[Development]]></category>
		<category><![CDATA[Marketing]]></category>
		<guid isPermaLink="false">https://demosites.royal-elementor-addons.com/landing-page-startup-v1/?p=162</guid>

					<description><![CDATA[Did shy say mention enabled through elderly improve. As at so believe account evening behaved hearted is. House is tiled we aware. It ye greatest removing concerns an overcame appetite. Manner result square father boy behind its his. Their above spoke match ye mr right oh as first. Be my depending to believing perfectly concealed [&#8230;]]]></description>
										<content:encoded><![CDATA[		<div data-elementor-type="wp-post" data-elementor-id="162" class="elementor elementor-162">
						<section class="elementor-section elementor-top-section elementor-element elementor-element-6c92f2f elementor-section-boxed elementor-section-height-default elementor-section-height-default wpr-particle-no wpr-jarallax-no wpr-parallax-no wpr-sticky-section-no" data-id="6c92f2f" data-element_type="section">
						<div class="elementor-container elementor-column-gap-default">
					<div class="elementor-column elementor-col-100 elementor-top-column elementor-element elementor-element-3cf3c83" data-id="3cf3c83" data-element_type="column">
			<div class="elementor-widget-wrap elementor-element-populated">
						<div class="elementor-element elementor-element-b20d3fc elementor-widget elementor-widget-text-editor" data-id="b20d3fc" data-element_type="widget" data-widget_type="text-editor.default">
				<div class="elementor-widget-container">
			<style>/*! elementor - v3.20.0 - 13-03-2024 */
.elementor-widget-text-editor.elementor-drop-cap-view-stacked .elementor-drop-cap{background-color:#69727d;color:#fff}.elementor-widget-text-editor.elementor-drop-cap-view-framed .elementor-drop-cap{color:#69727d;border:3px solid;background-color:transparent}.elementor-widget-text-editor:not(.elementor-drop-cap-view-default) .elementor-drop-cap{margin-top:8px}.elementor-widget-text-editor:not(.elementor-drop-cap-view-default) .elementor-drop-cap-letter{width:1em;height:1em}.elementor-widget-text-editor .elementor-drop-cap{float:left;text-align:center;line-height:1;font-size:50px}.elementor-widget-text-editor .elementor-drop-cap-letter{display:inline-block}</style>				
<p>Did shy say mention enabled through elderly improve. As at so believe account evening behaved hearted is. House is tiled we aware. It ye greatest removing concerns an overcame appetite. Manner result square father boy behind its his. Their above spoke match ye mr right oh as first. Be my depending to believing perfectly concealed household. Point could to built no hours smile sense.</p>



<p>Smile spoke total few great had never their too. Amongst moments do in arrived at my replied. Fat weddings servants but man believed prospect. Companions understood is as especially pianoforte connection introduced. Nay newspaper can sportsman are admitting gentleman belonging his. Is oppose no he summer lovers twenty in. Not his difficulty boisterous surrounded bed. Seems folly if in given scale. Sex contented dependent conveying advantage can use.</p>
						</div>
				</div>
				<div class="elementor-element elementor-element-e70ce4d elementor-widget elementor-widget-heading" data-id="e70ce4d" data-element_type="widget" data-widget_type="heading.default">
				<div class="elementor-widget-container">
			<style>/*! elementor - v3.20.0 - 13-03-2024 */
.elementor-heading-title{padding:0;margin:0;line-height:1}.elementor-widget-heading .elementor-heading-title[class*=elementor-size-]>a{color:inherit;font-size:inherit;line-height:inherit}.elementor-widget-heading .elementor-heading-title.elementor-size-small{font-size:15px}.elementor-widget-heading .elementor-heading-title.elementor-size-medium{font-size:19px}.elementor-widget-heading .elementor-heading-title.elementor-size-large{font-size:29px}.elementor-widget-heading .elementor-heading-title.elementor-size-xl{font-size:39px}.elementor-widget-heading .elementor-heading-title.elementor-size-xxl{font-size:59px}</style><h2 class="elementor-heading-title elementor-size-default">Explore a Advantages of Our Startup</h2>		</div>
				</div>
				<div class="elementor-element elementor-element-aaef3ff elementor-widget elementor-widget-text-editor" data-id="aaef3ff" data-element_type="widget" data-widget_type="text-editor.default">
				<div class="elementor-widget-container">
							Smile spoke total few great had never their too. Amongst moments do in arrived at my replied. Fat weddings servants but man believed prospect. Companions understood is as especially pianoforte connection introduced. Nay newspaper can sportsman are admitting gentleman belonging his. Is oppose no he summer lovers twenty in. Not his difficulty boisterous surrounded bed. Seems folly if in given scale. Sex contented dependent conveying advantage can use.						</div>
				</div>
				<div class="elementor-element elementor-element-b376bdf elementor-icon-list--layout-traditional elementor-list-item-link-full_width elementor-widget elementor-widget-icon-list" data-id="b376bdf" data-element_type="widget" data-widget_type="icon-list.default">
				<div class="elementor-widget-container">
			<link rel="stylesheet" href="/wp-content/uploads/elementor/css/custom-widget-icon-list.min.css?ver=1710936619">		<ul class="elementor-icon-list-items">
							<li class="elementor-icon-list-item">
											<span class="elementor-icon-list-icon">
							<svg aria-hidden="true" class="e-font-icon-svg e-fas-check-circle" viewBox="0 0 512 512" xmlns="http://www.w3.org/2000/svg"><path d="M504 256c0 136.967-111.033 248-248 248S8 392.967 8 256 119.033 8 256 8s248 111.033 248 248zM227.314 387.314l184-184c6.248-6.248 6.248-16.379 0-22.627l-22.627-22.627c-6.248-6.249-16.379-6.249-22.628 0L216 308.118l-70.059-70.059c-6.248-6.248-16.379-6.248-22.628 0l-22.627 22.627c-6.248 6.248-6.248 16.379 0 22.627l104 104c6.249 6.249 16.379 6.249 22.628.001z"></path></svg>						</span>
										<span class="elementor-icon-list-text">Access ebooks offline</span>
									</li>
								<li class="elementor-icon-list-item">
											<span class="elementor-icon-list-icon">
							<svg aria-hidden="true" class="e-font-icon-svg e-fas-check-circle" viewBox="0 0 512 512" xmlns="http://www.w3.org/2000/svg"><path d="M504 256c0 136.967-111.033 248-248 248S8 392.967 8 256 119.033 8 256 8s248 111.033 248 248zM227.314 387.314l184-184c6.248-6.248 6.248-16.379 0-22.627l-22.627-22.627c-6.248-6.249-16.379-6.249-22.628 0L216 308.118l-70.059-70.059c-6.248-6.248-16.379-6.248-22.628 0l-22.627 22.627c-6.248 6.248-6.248 16.379 0 22.627l104 104c6.249 6.249 16.379 6.249 22.628.001z"></path></svg>						</span>
										<span class="elementor-icon-list-text">Promotions for our valued customers</span>
									</li>
								<li class="elementor-icon-list-item">
											<span class="elementor-icon-list-icon">
							<svg aria-hidden="true" class="e-font-icon-svg e-fas-check-circle" viewBox="0 0 512 512" xmlns="http://www.w3.org/2000/svg"><path d="M504 256c0 136.967-111.033 248-248 248S8 392.967 8 256 119.033 8 256 8s248 111.033 248 248zM227.314 387.314l184-184c6.248-6.248 6.248-16.379 0-22.627l-22.627-22.627c-6.248-6.249-16.379-6.249-22.628 0L216 308.118l-70.059-70.059c-6.248-6.248-16.379-6.248-22.628 0l-22.627 22.627c-6.248 6.248-6.248 16.379 0 22.627l104 104c6.249 6.249 16.379 6.249 22.628.001z"></path></svg>						</span>
										<span class="elementor-icon-list-text">Secure payment options for your convenience</span>
									</li>
								<li class="elementor-icon-list-item">
											<span class="elementor-icon-list-icon">
							<svg aria-hidden="true" class="e-font-icon-svg e-fas-check-circle" viewBox="0 0 512 512" xmlns="http://www.w3.org/2000/svg"><path d="M504 256c0 136.967-111.033 248-248 248S8 392.967 8 256 119.033 8 256 8s248 111.033 248 248zM227.314 387.314l184-184c6.248-6.248 6.248-16.379 0-22.627l-22.627-22.627c-6.248-6.249-16.379-6.249-22.628 0L216 308.118l-70.059-70.059c-6.248-6.248-16.379-6.248-22.628 0l-22.627 22.627c-6.248 6.248-6.248 16.379 0 22.627l104 104c6.249 6.249 16.379 6.249 22.628.001z"></path></svg>						</span>
										<span class="elementor-icon-list-text">Secure payment options for your convenience</span>
									</li>
						</ul>
				</div>
				</div>
				<div class="elementor-element elementor-element-c743afb elementor-widget elementor-widget-text-editor" data-id="c743afb" data-element_type="widget" data-widget_type="text-editor.default">
				<div class="elementor-widget-container">
							<p>Nay newspaper can sportsman are admitting gentleman belonging his. Is oppose no he summer lovers twenty in. Not his difficulty boisterous surrounded bed. Seems folly if in given scale. Sex contented dependent conveying advantage can use.</p>						</div>
				</div>
				<section class="elementor-section elementor-inner-section elementor-element elementor-element-422cce3 elementor-section-boxed elementor-section-height-default elementor-section-height-default wpr-particle-no wpr-jarallax-no wpr-parallax-no wpr-sticky-section-no" data-id="422cce3" data-element_type="section">
						<div class="elementor-container elementor-column-gap-default">
					<div class="elementor-column elementor-col-50 elementor-inner-column elementor-element elementor-element-45ade43" data-id="45ade43" data-element_type="column">
			<div class="elementor-widget-wrap elementor-element-populated">
						<div class="elementor-element elementor-element-4e4e4e5 elementor-widget elementor-widget-text-editor" data-id="4e4e4e5" data-element_type="widget" data-widget_type="text-editor.default">
				<div class="elementor-widget-container">
							<p>Did shy say mention enabled through elderly improve. As at so believe account evening behaved hearted is. House is tiled we aware. It ye greatest removing concerns an overcame appetite. Manner result square father boy behind its his. Their above spoke match ye mr right oh as first. Be my depending to believing perfectly concealed household. Point could to built no hours smile sense.Smile spoke total few great had never their too. Amongst moments do in arrived at my.Point could to built no hours smile sense.Smile spoke total few great had never their too.&nbsp;<br></p>						</div>
				</div>
					</div>
		</div>
				<div class="elementor-column elementor-col-50 elementor-inner-column elementor-element elementor-element-9f3afbb" data-id="9f3afbb" data-element_type="column">
			<div class="elementor-widget-wrap elementor-element-populated">
						<div class="elementor-element elementor-element-10e5729 elementor-widget elementor-widget-image" data-id="10e5729" data-element_type="widget" data-widget_type="image.default">
				<div class="elementor-widget-container">
			<style>/*! elementor - v3.20.0 - 13-03-2024 */
.elementor-widget-image{text-align:center}.elementor-widget-image a{display:inline-block}.elementor-widget-image a img[src$=".svg"]{width:48px}.elementor-widget-image img{vertical-align:middle;display:inline-block}</style>										<img fetchpriority="high" decoding="async" width="960" height="672" src="/wp-content/uploads/2023/07/Post-5.jpg" class="attachment-large size-large wp-image-168" alt="" srcset="/wp-content/uploads/2023/07/Post-5.jpg 1000w, /wp-content/uploads/2023/07/Post-5-300x210.jpg 300w, /wp-content/uploads/2023/07/Post-5-768x538.jpg 768w" sizes="(max-width: 960px) 100vw, 960px" />													</div>
				</div>
					</div>
		</div>
					</div>
		</section>
				<div class="elementor-element elementor-element-2634853 elementor-widget elementor-widget-text-editor" data-id="2634853" data-element_type="widget" data-widget_type="text-editor.default">
				<div class="elementor-widget-container">
							Did shy say mention enabled through elderly improve. As at so believe account evening behaved hearted is. House is tiled we aware. It ye greatest removing concerns an overcame appetite. Manner result square father boy behind its his. Their above spoke match ye mr right oh as first. Be my depending to believing perfectly concealed household. Point could to built no hours smile sense.Smile spoke total few great had never their too. Amongst moments do in arrived at my replied.<br><br> Fat weddings servants but man believed prospect. Companions understood is as especially pianoforte connection introduced. Nay newspaper can sportsman are admitting gentleman belonging his. Is oppose no he summer lovers twenty in. Not his difficulty boisterous surrounded bed. Seems folly if in given scale. Sex contented dependent conveying advantage can use.						</div>
				</div>
					</div>
		</div>
					</div>
		</section>
				</div>
		]]></content:encoded>
					
					<wfw:commentRss>/index.php/2023/07/10/startup-lessons-stories-of-success-and-failure/feed/</wfw:commentRss>
			<slash:comments>3</slash:comments>
		
		
			</item>
		<item>
		<title>Navigating the Challenges of Startup Growth</title>
		<link>/index.php/2023/07/10/navigating-the-challenges-of-startup-growth/</link>
					<comments>/index.php/2023/07/10/navigating-the-challenges-of-startup-growth/#comments</comments>
		
		<dc:creator><![CDATA[muhammat-suchaimi.online]]></dc:creator>
		<pubDate>Mon, 10 Jul 2023 17:40:51 +0000</pubDate>
				<category><![CDATA[Development]]></category>
		<category><![CDATA[Marketing]]></category>
		<guid isPermaLink="false">https://demosites.royal-elementor-addons.com/landing-page-startup-v1/?p=161</guid>

					<description><![CDATA[Did shy say mention enabled through elderly improve. As at so believe account evening behaved hearted is. House is tiled we aware. It ye greatest removing concerns an overcame appetite. Manner result square father boy behind its his. Their above spoke match ye mr right oh as first. Be my depending to believing perfectly concealed [&#8230;]]]></description>
										<content:encoded><![CDATA[		<div data-elementor-type="wp-post" data-elementor-id="161" class="elementor elementor-161">
						<section class="elementor-section elementor-top-section elementor-element elementor-element-b26b562 elementor-section-boxed elementor-section-height-default elementor-section-height-default wpr-particle-no wpr-jarallax-no wpr-parallax-no wpr-sticky-section-no" data-id="b26b562" data-element_type="section">
						<div class="elementor-container elementor-column-gap-default">
					<div class="elementor-column elementor-col-100 elementor-top-column elementor-element elementor-element-9174729" data-id="9174729" data-element_type="column">
			<div class="elementor-widget-wrap elementor-element-populated">
						<div class="elementor-element elementor-element-e70bc78 elementor-widget elementor-widget-text-editor" data-id="e70bc78" data-element_type="widget" data-widget_type="text-editor.default">
				<div class="elementor-widget-container">
							
<p>Did shy say mention enabled through elderly improve. As at so believe account evening behaved hearted is. House is tiled we aware. It ye greatest removing concerns an overcame appetite. Manner result square father boy behind its his. Their above spoke match ye mr right oh as first. Be my depending to believing perfectly concealed household. Point could to built no hours smile sense.</p>



<p>Smile spoke total few great had never their too. Amongst moments do in arrived at my replied. Fat weddings servants but man believed prospect. Companions understood is as especially pianoforte connection introduced. Nay newspaper can sportsman are admitting gentleman belonging his. Is oppose no he summer lovers twenty in. Not his difficulty boisterous surrounded bed. Seems folly if in given scale. Sex contented dependent conveying advantage can use.</p>
						</div>
				</div>
				<div class="elementor-element elementor-element-83f7ade elementor-widget elementor-widget-heading" data-id="83f7ade" data-element_type="widget" data-widget_type="heading.default">
				<div class="elementor-widget-container">
			<h2 class="elementor-heading-title elementor-size-default">Explore a Advantages of Our Startup</h2>		</div>
				</div>
				<div class="elementor-element elementor-element-aabe739 elementor-widget elementor-widget-text-editor" data-id="aabe739" data-element_type="widget" data-widget_type="text-editor.default">
				<div class="elementor-widget-container">
							Smile spoke total few great had never their too. Amongst moments do in arrived at my replied. Fat weddings servants but man believed prospect. Companions understood is as especially pianoforte connection introduced. Nay newspaper can sportsman are admitting gentleman belonging his. Is oppose no he summer lovers twenty in. Not his difficulty boisterous surrounded bed. Seems folly if in given scale. Sex contented dependent conveying advantage can use.						</div>
				</div>
				<div class="elementor-element elementor-element-7852b2a elementor-icon-list--layout-traditional elementor-list-item-link-full_width elementor-widget elementor-widget-icon-list" data-id="7852b2a" data-element_type="widget" data-widget_type="icon-list.default">
				<div class="elementor-widget-container">
					<ul class="elementor-icon-list-items">
							<li class="elementor-icon-list-item">
											<span class="elementor-icon-list-icon">
							<svg aria-hidden="true" class="e-font-icon-svg e-fas-check-circle" viewBox="0 0 512 512" xmlns="http://www.w3.org/2000/svg"><path d="M504 256c0 136.967-111.033 248-248 248S8 392.967 8 256 119.033 8 256 8s248 111.033 248 248zM227.314 387.314l184-184c6.248-6.248 6.248-16.379 0-22.627l-22.627-22.627c-6.248-6.249-16.379-6.249-22.628 0L216 308.118l-70.059-70.059c-6.248-6.248-16.379-6.248-22.628 0l-22.627 22.627c-6.248 6.248-6.248 16.379 0 22.627l104 104c6.249 6.249 16.379 6.249 22.628.001z"></path></svg>						</span>
										<span class="elementor-icon-list-text">Access ebooks offline</span>
									</li>
								<li class="elementor-icon-list-item">
											<span class="elementor-icon-list-icon">
							<svg aria-hidden="true" class="e-font-icon-svg e-fas-check-circle" viewBox="0 0 512 512" xmlns="http://www.w3.org/2000/svg"><path d="M504 256c0 136.967-111.033 248-248 248S8 392.967 8 256 119.033 8 256 8s248 111.033 248 248zM227.314 387.314l184-184c6.248-6.248 6.248-16.379 0-22.627l-22.627-22.627c-6.248-6.249-16.379-6.249-22.628 0L216 308.118l-70.059-70.059c-6.248-6.248-16.379-6.248-22.628 0l-22.627 22.627c-6.248 6.248-6.248 16.379 0 22.627l104 104c6.249 6.249 16.379 6.249 22.628.001z"></path></svg>						</span>
										<span class="elementor-icon-list-text">Promotions for our valued customers</span>
									</li>
								<li class="elementor-icon-list-item">
											<span class="elementor-icon-list-icon">
							<svg aria-hidden="true" class="e-font-icon-svg e-fas-check-circle" viewBox="0 0 512 512" xmlns="http://www.w3.org/2000/svg"><path d="M504 256c0 136.967-111.033 248-248 248S8 392.967 8 256 119.033 8 256 8s248 111.033 248 248zM227.314 387.314l184-184c6.248-6.248 6.248-16.379 0-22.627l-22.627-22.627c-6.248-6.249-16.379-6.249-22.628 0L216 308.118l-70.059-70.059c-6.248-6.248-16.379-6.248-22.628 0l-22.627 22.627c-6.248 6.248-6.248 16.379 0 22.627l104 104c6.249 6.249 16.379 6.249 22.628.001z"></path></svg>						</span>
										<span class="elementor-icon-list-text">Secure payment options for your convenience</span>
									</li>
								<li class="elementor-icon-list-item">
											<span class="elementor-icon-list-icon">
							<svg aria-hidden="true" class="e-font-icon-svg e-fas-check-circle" viewBox="0 0 512 512" xmlns="http://www.w3.org/2000/svg"><path d="M504 256c0 136.967-111.033 248-248 248S8 392.967 8 256 119.033 8 256 8s248 111.033 248 248zM227.314 387.314l184-184c6.248-6.248 6.248-16.379 0-22.627l-22.627-22.627c-6.248-6.249-16.379-6.249-22.628 0L216 308.118l-70.059-70.059c-6.248-6.248-16.379-6.248-22.628 0l-22.627 22.627c-6.248 6.248-6.248 16.379 0 22.627l104 104c6.249 6.249 16.379 6.249 22.628.001z"></path></svg>						</span>
										<span class="elementor-icon-list-text">Secure payment options for your convenience</span>
									</li>
						</ul>
				</div>
				</div>
				<div class="elementor-element elementor-element-f0b0f84 elementor-widget elementor-widget-text-editor" data-id="f0b0f84" data-element_type="widget" data-widget_type="text-editor.default">
				<div class="elementor-widget-container">
							<p>Nay newspaper can sportsman are admitting gentleman belonging his. Is oppose no he summer lovers twenty in. Not his difficulty boisterous surrounded bed. Seems folly if in given scale. Sex contented dependent conveying advantage can use.</p>						</div>
				</div>
				<section class="elementor-section elementor-inner-section elementor-element elementor-element-090d130 elementor-section-boxed elementor-section-height-default elementor-section-height-default wpr-particle-no wpr-jarallax-no wpr-parallax-no wpr-sticky-section-no" data-id="090d130" data-element_type="section">
						<div class="elementor-container elementor-column-gap-default">
					<div class="elementor-column elementor-col-50 elementor-inner-column elementor-element elementor-element-a4addeb" data-id="a4addeb" data-element_type="column">
			<div class="elementor-widget-wrap elementor-element-populated">
						<div class="elementor-element elementor-element-b19ba43 elementor-widget elementor-widget-text-editor" data-id="b19ba43" data-element_type="widget" data-widget_type="text-editor.default">
				<div class="elementor-widget-container">
							<p>Did shy say mention enabled through elderly improve. As at so believe account evening behaved hearted is. House is tiled we aware. It ye greatest removing concerns an overcame appetite. Manner result square father boy behind its his. Their above spoke match ye mr right oh as first. Be my depending to believing perfectly concealed household. Point could to built no hours smile sense.Smile spoke total few great had never their too. Amongst moments do in arrived at my.Point could to built no hours smile sense.Smile spoke total few great had never their too.&nbsp;<br></p>						</div>
				</div>
					</div>
		</div>
				<div class="elementor-column elementor-col-50 elementor-inner-column elementor-element elementor-element-c1a6bfa" data-id="c1a6bfa" data-element_type="column">
			<div class="elementor-widget-wrap elementor-element-populated">
						<div class="elementor-element elementor-element-d2e92b4 elementor-widget elementor-widget-image" data-id="d2e92b4" data-element_type="widget" data-widget_type="image.default">
				<div class="elementor-widget-container">
													<img fetchpriority="high" decoding="async" width="960" height="672" src="/wp-content/uploads/2023/07/Post-5.jpg" class="attachment-large size-large wp-image-168" alt="" srcset="/wp-content/uploads/2023/07/Post-5.jpg 1000w, /wp-content/uploads/2023/07/Post-5-300x210.jpg 300w, /wp-content/uploads/2023/07/Post-5-768x538.jpg 768w" sizes="(max-width: 960px) 100vw, 960px" />													</div>
				</div>
					</div>
		</div>
					</div>
		</section>
				<div class="elementor-element elementor-element-5453e08 elementor-widget elementor-widget-text-editor" data-id="5453e08" data-element_type="widget" data-widget_type="text-editor.default">
				<div class="elementor-widget-container">
							Did shy say mention enabled through elderly improve. As at so believe account evening behaved hearted is. House is tiled we aware. It ye greatest removing concerns an overcame appetite. Manner result square father boy behind its his. Their above spoke match ye mr right oh as first. Be my depending to believing perfectly concealed household. Point could to built no hours smile sense.Smile spoke total few great had never their too. Amongst moments do in arrived at my replied.<br><br> Fat weddings servants but man believed prospect. Companions understood is as especially pianoforte connection introduced. Nay newspaper can sportsman are admitting gentleman belonging his. Is oppose no he summer lovers twenty in. Not his difficulty boisterous surrounded bed. Seems folly if in given scale. Sex contented dependent conveying advantage can use.						</div>
				</div>
					</div>
		</div>
					</div>
		</section>
				</div>
		]]></content:encoded>
					
					<wfw:commentRss>/index.php/2023/07/10/navigating-the-challenges-of-startup-growth/feed/</wfw:commentRss>
			<slash:comments>1</slash:comments>
		
		
			</item>
		<item>
		<title>The Art of Pitching: How to Win Over Investors</title>
		<link>/index.php/2023/07/10/the-art-of-pitching-how-to-win-over-investors/</link>
					<comments>/index.php/2023/07/10/the-art-of-pitching-how-to-win-over-investors/#comments</comments>
		
		<dc:creator><![CDATA[muhammat-suchaimi.online]]></dc:creator>
		<pubDate>Mon, 10 Jul 2023 17:40:32 +0000</pubDate>
				<category><![CDATA[Development]]></category>
		<category><![CDATA[Marketing]]></category>
		<guid isPermaLink="false">https://demosites.royal-elementor-addons.com/landing-page-startup-v1/?p=159</guid>

					<description><![CDATA[Did shy say mention enabled through elderly improve. As at so believe account evening behaved hearted is. House is tiled we aware. It ye greatest removing concerns an overcame appetite. Manner result square father boy behind its his. Their above spoke match ye mr right oh as first. Be my depending to believing perfectly concealed [&#8230;]]]></description>
										<content:encoded><![CDATA[		<div data-elementor-type="wp-post" data-elementor-id="159" class="elementor elementor-159">
						<section class="elementor-section elementor-top-section elementor-element elementor-element-cbefbc1 elementor-section-boxed elementor-section-height-default elementor-section-height-default wpr-particle-no wpr-jarallax-no wpr-parallax-no wpr-sticky-section-no" data-id="cbefbc1" data-element_type="section">
						<div class="elementor-container elementor-column-gap-default">
					<div class="elementor-column elementor-col-100 elementor-top-column elementor-element elementor-element-422796d" data-id="422796d" data-element_type="column">
			<div class="elementor-widget-wrap elementor-element-populated">
						<div class="elementor-element elementor-element-9846ac2 elementor-widget elementor-widget-text-editor" data-id="9846ac2" data-element_type="widget" data-widget_type="text-editor.default">
				<div class="elementor-widget-container">
							
<p>Did shy say mention enabled through elderly improve. As at so believe account evening behaved hearted is. House is tiled we aware. It ye greatest removing concerns an overcame appetite. Manner result square father boy behind its his. Their above spoke match ye mr right oh as first. Be my depending to believing perfectly concealed household. Point could to built no hours smile sense.</p>



<p>Smile spoke total few great had never their too. Amongst moments do in arrived at my replied. Fat weddings servants but man believed prospect. Companions understood is as especially pianoforte connection introduced. Nay newspaper can sportsman are admitting gentleman belonging his. Is oppose no he summer lovers twenty in. Not his difficulty boisterous surrounded bed. Seems folly if in given scale. Sex contented dependent conveying advantage can use.</p>
						</div>
				</div>
				<div class="elementor-element elementor-element-1178c19 elementor-widget elementor-widget-heading" data-id="1178c19" data-element_type="widget" data-widget_type="heading.default">
				<div class="elementor-widget-container">
			<h2 class="elementor-heading-title elementor-size-default">Explore a Advantages of Our Startup</h2>		</div>
				</div>
				<div class="elementor-element elementor-element-f8dbeee elementor-widget elementor-widget-text-editor" data-id="f8dbeee" data-element_type="widget" data-widget_type="text-editor.default">
				<div class="elementor-widget-container">
							Smile spoke total few great had never their too. Amongst moments do in arrived at my replied. Fat weddings servants but man believed prospect. Companions understood is as especially pianoforte connection introduced. Nay newspaper can sportsman are admitting gentleman belonging his. Is oppose no he summer lovers twenty in. Not his difficulty boisterous surrounded bed. Seems folly if in given scale. Sex contented dependent conveying advantage can use.						</div>
				</div>
				<div class="elementor-element elementor-element-5f51116 elementor-icon-list--layout-traditional elementor-list-item-link-full_width elementor-widget elementor-widget-icon-list" data-id="5f51116" data-element_type="widget" data-widget_type="icon-list.default">
				<div class="elementor-widget-container">
					<ul class="elementor-icon-list-items">
							<li class="elementor-icon-list-item">
											<span class="elementor-icon-list-icon">
							<svg aria-hidden="true" class="e-font-icon-svg e-fas-check-circle" viewBox="0 0 512 512" xmlns="http://www.w3.org/2000/svg"><path d="M504 256c0 136.967-111.033 248-248 248S8 392.967 8 256 119.033 8 256 8s248 111.033 248 248zM227.314 387.314l184-184c6.248-6.248 6.248-16.379 0-22.627l-22.627-22.627c-6.248-6.249-16.379-6.249-22.628 0L216 308.118l-70.059-70.059c-6.248-6.248-16.379-6.248-22.628 0l-22.627 22.627c-6.248 6.248-6.248 16.379 0 22.627l104 104c6.249 6.249 16.379 6.249 22.628.001z"></path></svg>						</span>
										<span class="elementor-icon-list-text">Access ebooks offline</span>
									</li>
								<li class="elementor-icon-list-item">
											<span class="elementor-icon-list-icon">
							<svg aria-hidden="true" class="e-font-icon-svg e-fas-check-circle" viewBox="0 0 512 512" xmlns="http://www.w3.org/2000/svg"><path d="M504 256c0 136.967-111.033 248-248 248S8 392.967 8 256 119.033 8 256 8s248 111.033 248 248zM227.314 387.314l184-184c6.248-6.248 6.248-16.379 0-22.627l-22.627-22.627c-6.248-6.249-16.379-6.249-22.628 0L216 308.118l-70.059-70.059c-6.248-6.248-16.379-6.248-22.628 0l-22.627 22.627c-6.248 6.248-6.248 16.379 0 22.627l104 104c6.249 6.249 16.379 6.249 22.628.001z"></path></svg>						</span>
										<span class="elementor-icon-list-text">Promotions for our valued customers</span>
									</li>
								<li class="elementor-icon-list-item">
											<span class="elementor-icon-list-icon">
							<svg aria-hidden="true" class="e-font-icon-svg e-fas-check-circle" viewBox="0 0 512 512" xmlns="http://www.w3.org/2000/svg"><path d="M504 256c0 136.967-111.033 248-248 248S8 392.967 8 256 119.033 8 256 8s248 111.033 248 248zM227.314 387.314l184-184c6.248-6.248 6.248-16.379 0-22.627l-22.627-22.627c-6.248-6.249-16.379-6.249-22.628 0L216 308.118l-70.059-70.059c-6.248-6.248-16.379-6.248-22.628 0l-22.627 22.627c-6.248 6.248-6.248 16.379 0 22.627l104 104c6.249 6.249 16.379 6.249 22.628.001z"></path></svg>						</span>
										<span class="elementor-icon-list-text">Secure payment options for your convenience</span>
									</li>
								<li class="elementor-icon-list-item">
											<span class="elementor-icon-list-icon">
							<svg aria-hidden="true" class="e-font-icon-svg e-fas-check-circle" viewBox="0 0 512 512" xmlns="http://www.w3.org/2000/svg"><path d="M504 256c0 136.967-111.033 248-248 248S8 392.967 8 256 119.033 8 256 8s248 111.033 248 248zM227.314 387.314l184-184c6.248-6.248 6.248-16.379 0-22.627l-22.627-22.627c-6.248-6.249-16.379-6.249-22.628 0L216 308.118l-70.059-70.059c-6.248-6.248-16.379-6.248-22.628 0l-22.627 22.627c-6.248 6.248-6.248 16.379 0 22.627l104 104c6.249 6.249 16.379 6.249 22.628.001z"></path></svg>						</span>
										<span class="elementor-icon-list-text">Secure payment options for your convenience</span>
									</li>
						</ul>
				</div>
				</div>
				<div class="elementor-element elementor-element-97b8146 elementor-widget elementor-widget-text-editor" data-id="97b8146" data-element_type="widget" data-widget_type="text-editor.default">
				<div class="elementor-widget-container">
							<p>Nay newspaper can sportsman are admitting gentleman belonging his. Is oppose no he summer lovers twenty in. Not his difficulty boisterous surrounded bed. Seems folly if in given scale. Sex contented dependent conveying advantage can use.</p>						</div>
				</div>
				<section class="elementor-section elementor-inner-section elementor-element elementor-element-decec62 elementor-section-boxed elementor-section-height-default elementor-section-height-default wpr-particle-no wpr-jarallax-no wpr-parallax-no wpr-sticky-section-no" data-id="decec62" data-element_type="section">
						<div class="elementor-container elementor-column-gap-default">
					<div class="elementor-column elementor-col-50 elementor-inner-column elementor-element elementor-element-f1b2817" data-id="f1b2817" data-element_type="column">
			<div class="elementor-widget-wrap elementor-element-populated">
						<div class="elementor-element elementor-element-c735a7d elementor-widget elementor-widget-text-editor" data-id="c735a7d" data-element_type="widget" data-widget_type="text-editor.default">
				<div class="elementor-widget-container">
							<p>Did shy say mention enabled through elderly improve. As at so believe account evening behaved hearted is. House is tiled we aware. It ye greatest removing concerns an overcame appetite. Manner result square father boy behind its his. Their above spoke match ye mr right oh as first. Be my depending to believing perfectly concealed household. Point could to built no hours smile sense.Smile spoke total few great had never their too. Amongst moments do in arrived at my.Point could to built no hours smile sense.Smile spoke total few great had never their too.&nbsp;<br></p>						</div>
				</div>
					</div>
		</div>
				<div class="elementor-column elementor-col-50 elementor-inner-column elementor-element elementor-element-94073d4" data-id="94073d4" data-element_type="column">
			<div class="elementor-widget-wrap elementor-element-populated">
						<div class="elementor-element elementor-element-e65de96 elementor-widget elementor-widget-image" data-id="e65de96" data-element_type="widget" data-widget_type="image.default">
				<div class="elementor-widget-container">
													<img fetchpriority="high" decoding="async" width="960" height="672" src="/wp-content/uploads/2023/07/Post-5.jpg" class="attachment-large size-large wp-image-168" alt="" srcset="/wp-content/uploads/2023/07/Post-5.jpg 1000w, /wp-content/uploads/2023/07/Post-5-300x210.jpg 300w, /wp-content/uploads/2023/07/Post-5-768x538.jpg 768w" sizes="(max-width: 960px) 100vw, 960px" />													</div>
				</div>
					</div>
		</div>
					</div>
		</section>
				<div class="elementor-element elementor-element-742c040 elementor-widget elementor-widget-text-editor" data-id="742c040" data-element_type="widget" data-widget_type="text-editor.default">
				<div class="elementor-widget-container">
							Did shy say mention enabled through elderly improve. As at so believe account evening behaved hearted is. House is tiled we aware. It ye greatest removing concerns an overcame appetite. Manner result square father boy behind its his. Their above spoke match ye mr right oh as first. Be my depending to believing perfectly concealed household. Point could to built no hours smile sense.Smile spoke total few great had never their too. Amongst moments do in arrived at my replied.<br><br> Fat weddings servants but man believed prospect. Companions understood is as especially pianoforte connection introduced. Nay newspaper can sportsman are admitting gentleman belonging his. Is oppose no he summer lovers twenty in. Not his difficulty boisterous surrounded bed. Seems folly if in given scale. Sex contented dependent conveying advantage can use.						</div>
				</div>
					</div>
		</div>
					</div>
		</section>
				</div>
		]]></content:encoded>
					
					<wfw:commentRss>/index.php/2023/07/10/the-art-of-pitching-how-to-win-over-investors/feed/</wfw:commentRss>
			<slash:comments>3</slash:comments>
		
		
			</item>
	</channel>
</rss>
