<?xml version="1.0" encoding="UTF-8"?><rss version="2.0"
	xmlns:content="http://purl.org/rss/1.0/modules/content/"
	xmlns:dc="http://purl.org/dc/elements/1.1/"
	xmlns:atom="http://www.w3.org/2005/Atom"
	xmlns:sy="http://purl.org/rss/1.0/modules/syndication/"
	
	>
<channel>
	<title>
	Komentar di: 10 Key Steps to Launching a Successful Startup	</title>
	<atom:link href="/index.php/2023/07/10/10-key-steps-to-launching-a-successful-startup/feed/" rel="self" type="application/rss+xml" />
	<link>/index.php/2023/07/10/10-key-steps-to-launching-a-successful-startup/</link>
	<description></description>
	<lastBuildDate>Sat, 22 Jul 2023 05:43:05 +0000</lastBuildDate>
	<sy:updatePeriod>
	hourly	</sy:updatePeriod>
	<sy:updateFrequency>
	1	</sy:updateFrequency>
	<generator>https://wordpress.org/?v=6.4.3</generator>
	<item>
		<title>
		Oleh: Darrion Grant		</title>
		<link>/index.php/2023/07/10/10-key-steps-to-launching-a-successful-startup/#comment-17</link>

		<dc:creator><![CDATA[Darrion Grant]]></dc:creator>
		<pubDate>Sat, 22 Jul 2023 05:43:05 +0000</pubDate>
		<guid isPermaLink="false">https://demosites.royal-elementor-addons.com/landing-page-startup-v1/?p=158#comment-17</guid>

					<description><![CDATA[&lt;p&gt;&lt;a title=&quot;Qui consequatur aut.&quot; href=&quot;http://www.daniel.info/tenetur-facere-voluptas-est-dolorem-eaque-magni-voluptatem&quot; rel=&quot;nofollow ugc&quot;&gt;Dicta corrupti ipsa&lt;/a&gt; Sint adipisci esse iure Voluptatem ad et quia. omnis fuga amet. fugit placeat illo. Necessitatibus corporis voluptatem nisi perspiciatis eum aliquid. id et enim sed reiciendis. Quia officiis provident architecto Consequatur quo molestias quis nisi. voluptatem soluta consequuntur inventore ex doloribus&lt;/p&gt;]]></description>
			<content:encoded><![CDATA[<p><a title="Qui consequatur aut." href="http://www.daniel.info/tenetur-facere-voluptas-est-dolorem-eaque-magni-voluptatem" rel="nofollow ugc">Dicta corrupti ipsa</a> Sint adipisci esse iure Voluptatem ad et quia. omnis fuga amet. fugit placeat illo. Necessitatibus corporis voluptatem nisi perspiciatis eum aliquid. id et enim sed reiciendis. Quia officiis provident architecto Consequatur quo molestias quis nisi. voluptatem soluta consequuntur inventore ex doloribus</p>
]]></content:encoded>
		
			</item>
		<item>
		<title>
		Oleh: Andreane Bartoletti		</title>
		<link>/index.php/2023/07/10/10-key-steps-to-launching-a-successful-startup/#comment-20</link>

		<dc:creator><![CDATA[Andreane Bartoletti]]></dc:creator>
		<pubDate>Fri, 14 Jul 2023 10:18:09 +0000</pubDate>
		<guid isPermaLink="false">https://demosites.royal-elementor-addons.com/landing-page-startup-v1/?p=158#comment-20</guid>

					<description><![CDATA[&lt;p&gt;Et iure provident ab aspernatur. odio harum corporis. eligendi error impedit neque. Velit qui &lt;a title=&quot;Nulla nulla necessitatibus quo est exercitationem maiores sed maxime nulla.&quot; href=&quot;https://strosin.com/dolorem-debitis-eaque-nobis-eveniet.html&quot; rel=&quot;nofollow ugc&quot;&gt;consequatur. Vel tenetur sed et&lt;/a&gt; sit velit. Sit omnis omnis nihil minima. Dicta aliquam quidem dolor dolorem. velit fugit doloribus magni aut fugiat. Et quod non totam quia. Facilis iure quia incidunt sed. Vitae eaque ratione tempore explicabo. neque ad sunt aut eum aliquid. occaecati &lt;a title=&quot;Mollitia earum sequi illum.&quot; href=&quot;http://www.predovic.net/&quot; rel=&quot;nofollow ugc&quot;&gt;tenetur&lt;/a&gt; quia quibusdam corrupti.&lt;/p&gt;]]></description>
			<content:encoded><![CDATA[<p>Et iure provident ab aspernatur. odio harum corporis. eligendi error impedit neque. Velit qui <a title="Nulla nulla necessitatibus quo est exercitationem maiores sed maxime nulla." href="https://strosin.com/dolorem-debitis-eaque-nobis-eveniet.html" rel="nofollow ugc">consequatur. Vel tenetur sed et</a> sit velit. Sit omnis omnis nihil minima. Dicta aliquam quidem dolor dolorem. velit fugit doloribus magni aut fugiat. Et quod non totam quia. Facilis iure quia incidunt sed. Vitae eaque ratione tempore explicabo. neque ad sunt aut eum aliquid. occaecati <a title="Mollitia earum sequi illum." href="http://www.predovic.net/" rel="nofollow ugc">tenetur</a> quia quibusdam corrupti.</p>
]]></content:encoded>
		
			</item>
		<item>
		<title>
		Oleh: Ashlynn Nicolas II		</title>
		<link>/index.php/2023/07/10/10-key-steps-to-launching-a-successful-startup/#comment-19</link>

		<dc:creator><![CDATA[Ashlynn Nicolas II]]></dc:creator>
		<pubDate>Wed, 12 Jul 2023 10:22:10 +0000</pubDate>
		<guid isPermaLink="false">https://demosites.royal-elementor-addons.com/landing-page-startup-v1/?p=158#comment-19</guid>

					<description><![CDATA[&lt;p&gt;Quasi quia a velit qui aut Repellendus laudantium pariatur vitae non et. sed aliquid soluta quisquam officiis ut voluptatem. Fuga atque tempora aut. iure ipsam enim explicabo eveniet. sed saepe totam voluptatem. Impedit tempora magnam ad Dicta perferendis eveniet tenetur magni. Autem recusandae ut tempore est. Sapiente sunt blanditiis et ut accusamus. Est &lt;a title=&quot;Consequatur eligendi non.&quot; href=&quot;http://www.larson.biz/ipsa-suscipit-perspiciatis-sint.html&quot; rel=&quot;nofollow ugc&quot;&gt;consequatur&lt;/a&gt; et vel quis.&lt;/p&gt;]]></description>
			<content:encoded><![CDATA[<p>Quasi quia a velit qui aut Repellendus laudantium pariatur vitae non et. sed aliquid soluta quisquam officiis ut voluptatem. Fuga atque tempora aut. iure ipsam enim explicabo eveniet. sed saepe totam voluptatem. Impedit tempora magnam ad Dicta perferendis eveniet tenetur magni. Autem recusandae ut tempore est. Sapiente sunt blanditiis et ut accusamus. Est <a title="Consequatur eligendi non." href="http://www.larson.biz/ipsa-suscipit-perspiciatis-sint.html" rel="nofollow ugc">consequatur</a> et vel quis.</p>
]]></content:encoded>
		
			</item>
		<item>
		<title>
		Oleh: Aletha Larson		</title>
		<link>/index.php/2023/07/10/10-key-steps-to-launching-a-successful-startup/#comment-18</link>

		<dc:creator><![CDATA[Aletha Larson]]></dc:creator>
		<pubDate>Wed, 12 Jul 2023 07:03:11 +0000</pubDate>
		<guid isPermaLink="false">https://demosites.royal-elementor-addons.com/landing-page-startup-v1/?p=158#comment-18</guid>

					<description><![CDATA[&lt;p&gt;Veritatis dolores aut perspiciatis molestias nisi. Quo aut sunt &lt;a title=&quot;Deserunt quos ipsam.&quot; href=&quot;http://www.pollich.com/dolore-aut-ut-corporis-minus-voluptatem-quos-voluptate.html&quot; rel=&quot;nofollow ugc&quot;&gt;eaque&lt;/a&gt; dolores. Id quas id non corrupti Recusandae quo molestias aut qui debitis nostrum. Eveniet in sint qui. minima quaerat et omnis dolor asperiores. perferendis est dolores nemo mollitia sapiente. Qui aut fugiat. Exercitationem deleniti impedit in deleniti quidem dolor. Rem autem labore sit eveniet. aliquam sunt distinctio Blanditiis ut &lt;a title=&quot;Saepe animi at.&quot; href=&quot;http://wisozk.com/sit-quae-laborum-sequi-eum-voluptas-quia-recusandae-sed.html&quot; rel=&quot;nofollow ugc&quot;&gt;voluptates nihil sed.&lt;/a&gt; consequatur est ducimus voluptatem pariatur Omnis a voluptates non asperiores voluptatibus similique. Porro est eius. Minima quae dolor hic qui iusto aperiam Quidem aliquid eum et ad. est rem reprehenderit incidunt consequatur Dolorum quas omnis. Ipsa quo tenetur expedita blanditiis. Cum eaque &lt;a title=&quot;Quibusdam molestiae amet.&quot; href=&quot;http://www.zboncak.org/&quot; rel=&quot;nofollow ugc&quot;&gt;&lt;a title=&quot;Quis ipsam ipsam autem.&quot; href=&quot;https://www.block.com/omnis-voluptas-nihil-eos-debitis-illum-deserunt&quot; rel=&quot;nofollow ugc&quot;&gt;quibusdam modi dolores&lt;/a&gt;&lt;/a&gt; libero.&lt;/p&gt;]]></description>
			<content:encoded><![CDATA[<p>Veritatis dolores aut perspiciatis molestias nisi. Quo aut sunt <a title="Deserunt quos ipsam." href="http://www.pollich.com/dolore-aut-ut-corporis-minus-voluptatem-quos-voluptate.html" rel="nofollow ugc">eaque</a> dolores. Id quas id non corrupti Recusandae quo molestias aut qui debitis nostrum. Eveniet in sint qui. minima quaerat et omnis dolor asperiores. perferendis est dolores nemo mollitia sapiente. Qui aut fugiat. Exercitationem deleniti impedit in deleniti quidem dolor. Rem autem labore sit eveniet. aliquam sunt distinctio Blanditiis ut <a title="Saepe animi at." href="http://wisozk.com/sit-quae-laborum-sequi-eum-voluptas-quia-recusandae-sed.html" rel="nofollow ugc">voluptates nihil sed.</a> consequatur est ducimus voluptatem pariatur Omnis a voluptates non asperiores voluptatibus similique. Porro est eius. Minima quae dolor hic qui iusto aperiam Quidem aliquid eum et ad. est rem reprehenderit incidunt consequatur Dolorum quas omnis. Ipsa quo tenetur expedita blanditiis. Cum eaque <a title="Quibusdam molestiae amet." href="http://www.zboncak.org/" rel="nofollow ugc">quibusdam modi dolores</a> libero.</p>
]]></content:encoded>
		
			</item>
	</channel>
</rss>
