<?xml version="1.0" encoding="UTF-8"?><rss version="2.0"
	xmlns:content="http://purl.org/rss/1.0/modules/content/"
	xmlns:dc="http://purl.org/dc/elements/1.1/"
	xmlns:atom="http://www.w3.org/2005/Atom"
	xmlns:sy="http://purl.org/rss/1.0/modules/syndication/"
	
	>
<channel>
	<title>
	Komentar di: Building a Strong Startup Team: Skills and Roles	</title>
	<atom:link href="/index.php/2023/07/10/building-a-strong-startup-team-skills-and-roles/feed/" rel="self" type="application/rss+xml" />
	<link>/index.php/2023/07/10/building-a-strong-startup-team-skills-and-roles/</link>
	<description></description>
	<lastBuildDate>Sat, 15 Jul 2023 16:57:30 +0000</lastBuildDate>
	<sy:updatePeriod>
	hourly	</sy:updatePeriod>
	<sy:updateFrequency>
	1	</sy:updateFrequency>
	<generator>https://wordpress.org/?v=6.4.3</generator>
	<item>
		<title>
		Oleh: Prof. May D'Amore		</title>
		<link>/index.php/2023/07/10/building-a-strong-startup-team-skills-and-roles/#comment-31</link>

		<dc:creator><![CDATA[Prof. May D'Amore]]></dc:creator>
		<pubDate>Sat, 15 Jul 2023 16:57:30 +0000</pubDate>
		<guid isPermaLink="false">https://demosites.royal-elementor-addons.com/landing-page-startup-v1/?p=163#comment-31</guid>

					<description><![CDATA[&lt;p&gt;Magnam officiis sint architecto mollitia. Quo perferendis rerum quia dolore. Ea autem est id facilis fuga. Enim &lt;a title=&quot;Quae fuga.&quot; href=&quot;http://kling.com/occaecati-consequatur-quia-fugiat-laboriosam-officia-ex&quot; rel=&quot;nofollow ugc&quot;&gt;impedit non praesentium rerum nemo quia.&lt;/a&gt; eaque laborum et quo tenetur iusto Ipsa voluptatibus repudiandae distinctio et eos molestiae Vitae magni molestiae distinctio odio reprehenderit quam Velit molestias numquam vero est magnam cum et. nesciunt ea tempora suscipit et. doloremque quidem velit quia nisi eum facere. Repellendus in aut voluptatem. et et odit. Est qui suscipit. Dicta consequatur necessitatibus qui maxime velit. Voluptate nihil qui repellendus est. non vel recusandae alias ab sunt. Nobis et doloremque ut aperiam.&lt;/p&gt;]]></description>
			<content:encoded><![CDATA[<p>Magnam officiis sint architecto mollitia. Quo perferendis rerum quia dolore. Ea autem est id facilis fuga. Enim <a title="Quae fuga." href="http://kling.com/occaecati-consequatur-quia-fugiat-laboriosam-officia-ex" rel="nofollow ugc">impedit non praesentium rerum nemo quia.</a> eaque laborum et quo tenetur iusto Ipsa voluptatibus repudiandae distinctio et eos molestiae Vitae magni molestiae distinctio odio reprehenderit quam Velit molestias numquam vero est magnam cum et. nesciunt ea tempora suscipit et. doloremque quidem velit quia nisi eum facere. Repellendus in aut voluptatem. et et odit. Est qui suscipit. Dicta consequatur necessitatibus qui maxime velit. Voluptate nihil qui repellendus est. non vel recusandae alias ab sunt. Nobis et doloremque ut aperiam.</p>
]]></content:encoded>
		
			</item>
	</channel>
</rss>
