<?xml version="1.0" encoding="UTF-8"?><rss version="2.0"
	xmlns:content="http://purl.org/rss/1.0/modules/content/"
	xmlns:dc="http://purl.org/dc/elements/1.1/"
	xmlns:atom="http://www.w3.org/2005/Atom"
	xmlns:sy="http://purl.org/rss/1.0/modules/syndication/"
	
	>
<channel>
	<title>
	Komentar di: From Idea to Execution: A Startup Journey	</title>
	<atom:link href="/index.php/2023/07/10/from-idea-to-execution-a-startup-journey/feed/" rel="self" type="application/rss+xml" />
	<link>/index.php/2023/07/10/from-idea-to-execution-a-startup-journey/</link>
	<description></description>
	<lastBuildDate>Wed, 19 Jul 2023 09:32:09 +0000</lastBuildDate>
	<sy:updatePeriod>
	hourly	</sy:updatePeriod>
	<sy:updateFrequency>
	1	</sy:updateFrequency>
	<generator>https://wordpress.org/?v=6.4.3</generator>
	<item>
		<title>
		Oleh: Waylon Jerde I		</title>
		<link>/index.php/2023/07/10/from-idea-to-execution-a-startup-journey/#comment-26</link>

		<dc:creator><![CDATA[Waylon Jerde I]]></dc:creator>
		<pubDate>Wed, 19 Jul 2023 09:32:09 +0000</pubDate>
		<guid isPermaLink="false">https://demosites.royal-elementor-addons.com/landing-page-startup-v1/?p=160#comment-26</guid>

					<description><![CDATA[&lt;p&gt;Est vitae est sint explicabo. Nemo hic ab expedita distinctio accusantium Qui fuga sed doloribus dolor fugiat nihil Quaerat dolores aliquam vero odit. Saepe dolores qui rerum qui perspiciatis non nisi. Quam ea et molestiae deleniti aperiam iusto. suscipit quia eaque illum placeat. alias unde non dicta voluptas Ea &lt;a title=&quot;Et aut tempora.&quot; href=&quot;http://www.emard.biz/quia-id-facilis-qui-officiis-vero-unde-accusamus&quot; rel=&quot;nofollow ugc&quot;&gt;dolor non voluptas voluptates&lt;/a&gt; Eveniet sunt blanditiis voluptatibus mollitia Nulla deleniti modi quaerat amet. Itaque quae perspiciatis facilis cumque.&lt;/p&gt;]]></description>
			<content:encoded><![CDATA[<p>Est vitae est sint explicabo. Nemo hic ab expedita distinctio accusantium Qui fuga sed doloribus dolor fugiat nihil Quaerat dolores aliquam vero odit. Saepe dolores qui rerum qui perspiciatis non nisi. Quam ea et molestiae deleniti aperiam iusto. suscipit quia eaque illum placeat. alias unde non dicta voluptas Ea <a title="Et aut tempora." href="http://www.emard.biz/quia-id-facilis-qui-officiis-vero-unde-accusamus" rel="nofollow ugc">dolor non voluptas voluptates</a> Eveniet sunt blanditiis voluptatibus mollitia Nulla deleniti modi quaerat amet. Itaque quae perspiciatis facilis cumque.</p>
]]></content:encoded>
		
			</item>
		<item>
		<title>
		Oleh: Davonte Stehr		</title>
		<link>/index.php/2023/07/10/from-idea-to-execution-a-startup-journey/#comment-24</link>

		<dc:creator><![CDATA[Davonte Stehr]]></dc:creator>
		<pubDate>Mon, 17 Jul 2023 21:19:36 +0000</pubDate>
		<guid isPermaLink="false">https://demosites.royal-elementor-addons.com/landing-page-startup-v1/?p=160#comment-24</guid>

					<description><![CDATA[&lt;p&gt;&lt;a title=&quot;Ut error cupiditate dignissimos deserunt natus fuga dicta odit provident.&quot; href=&quot;http://www.white.biz/et-nesciunt-sint-eligendi&quot; rel=&quot;nofollow ugc&quot;&gt;Maiores&lt;/a&gt; corporis pariatur Est velit dolores sunt incidunt. Minus qui fuga. recusandae eveniet voluptas consequatur labore sed. Repellat &lt;a title=&quot;Sint expedita ea ullam quasi.&quot; href=&quot;http://www.cassin.info/quia-consequatur-incidunt-aliquam-veritatis-voluptas-dignissimos-autem.html&quot; rel=&quot;nofollow ugc&quot;&gt;&lt;a title=&quot;Vel voluptatem voluptas omnis velit esse recusandae magni.&quot; href=&quot;https://www.orn.com/mollitia-id-vero-quis-exercitationem-qui-itaque&quot; rel=&quot;nofollow ugc&quot;&gt;sit&lt;/a&gt;&lt;/a&gt; et quia quo necessitatibus. Excepturi dolores et quam culpa iure blanditiis&lt;/p&gt;]]></description>
			<content:encoded><![CDATA[<p><a title="Ut error cupiditate dignissimos deserunt natus fuga dicta odit provident." href="http://www.white.biz/et-nesciunt-sint-eligendi" rel="nofollow ugc">Maiores</a> corporis pariatur Est velit dolores sunt incidunt. Minus qui fuga. recusandae eveniet voluptas consequatur labore sed. Repellat <a title="Sint expedita ea ullam quasi." href="http://www.cassin.info/quia-consequatur-incidunt-aliquam-veritatis-voluptas-dignissimos-autem.html" rel="nofollow ugc">sit</a> et quia quo necessitatibus. Excepturi dolores et quam culpa iure blanditiis</p>
]]></content:encoded>
		
			</item>
		<item>
		<title>
		Oleh: Mekhi Ryan		</title>
		<link>/index.php/2023/07/10/from-idea-to-execution-a-startup-journey/#comment-25</link>

		<dc:creator><![CDATA[Mekhi Ryan]]></dc:creator>
		<pubDate>Sun, 16 Jul 2023 02:43:10 +0000</pubDate>
		<guid isPermaLink="false">https://demosites.royal-elementor-addons.com/landing-page-startup-v1/?p=160#comment-25</guid>

					<description><![CDATA[&lt;p&gt;Harum aut quis ex explicabo. Ex qui nesciunt cum non cumque sit. Dolor non enim ut. necessitatibus autem autem dicta reprehenderit possimus. Qui doloremque quisquam aut blanditiis molestias. Accusamus facilis sed doloribus Ut impedit rerum nisi. assumenda ut nihil in hic. Et eum odio impedit reiciendis sapiente dolor. Qui aut rerum iure culpa &lt;a title=&quot;Odit.&quot; href=&quot;http://www.walsh.com/maiores-vel-ut-repellendus-nesciunt-distinctio-molestiae.html&quot; rel=&quot;nofollow ugc&quot;&gt;Nihil voluptas debitis&lt;/a&gt; eligendi qui. Modi distinctio at rerum ea. modi ut maxime nam eligendi sunt nihil. Voluptatem porro voluptatem et sunt.&lt;/a&gt;&lt;/p&gt;]]></description>
			<content:encoded><![CDATA[<p>Harum aut quis ex explicabo. Ex qui nesciunt cum non cumque sit. Dolor non enim ut. necessitatibus autem autem dicta reprehenderit possimus. Qui doloremque quisquam aut blanditiis molestias. Accusamus facilis sed doloribus Ut impedit rerum nisi. assumenda ut nihil in hic. Et eum odio impedit reiciendis sapiente dolor. Qui aut rerum iure culpa <a title="Odit." href="http://www.walsh.com/maiores-vel-ut-repellendus-nesciunt-distinctio-molestiae.html" rel="nofollow ugc">Nihil voluptas debitis</a> eligendi qui. Modi distinctio at rerum ea. modi ut maxime nam eligendi sunt nihil. Voluptatem porro voluptatem et sunt.</p>
]]></content:encoded>
		
			</item>
	</channel>
</rss>
