<?xml version="1.0" encoding="UTF-8"?><rss version="2.0"
	xmlns:content="http://purl.org/rss/1.0/modules/content/"
	xmlns:dc="http://purl.org/dc/elements/1.1/"
	xmlns:atom="http://www.w3.org/2005/Atom"
	xmlns:sy="http://purl.org/rss/1.0/modules/syndication/"
	
	>
<channel>
	<title>
	Komentar untuk muhammat-suchaimi.online	</title>
	<atom:link href="/index.php/comments/feed/" rel="self" type="application/rss+xml" />
	<link>/</link>
	<description></description>
	<lastBuildDate>Wed, 20 Mar 2024 11:01:46 +0000</lastBuildDate>
	<sy:updatePeriod>
	hourly	</sy:updatePeriod>
	<sy:updateFrequency>
	1	</sy:updateFrequency>
	<generator>https://wordpress.org/?v=6.4.3</generator>
	<item>
		<title>
		Komentar di Halo dunia! oleh Seorang Komentator WordPress		</title>
		<link>/index.php/2024/03/20/halo-dunia/#comment-1</link>

		<dc:creator><![CDATA[Seorang Komentator WordPress]]></dc:creator>
		<pubDate>Wed, 20 Mar 2024 11:01:46 +0000</pubDate>
		<guid isPermaLink="false">/?p=1#comment-1</guid>

					<description><![CDATA[Hai, ini merupakan sebuah komentar.
Untuk mulai memoderasi, mengedit, dan menghapus komentar, silakan kunjungi layar Komentar di dasbor.
Avatar komentator diambil dari &lt;a href=&quot;https://en.gravatar.com/&quot;&gt;Gravatar&lt;/a&gt;.]]></description>
			<content:encoded><![CDATA[<p>Hai, ini merupakan sebuah komentar.<br />
Untuk mulai memoderasi, mengedit, dan menghapus komentar, silakan kunjungi layar Komentar di dasbor.<br />
Avatar komentator diambil dari <a href="https://en.gravatar.com/">Gravatar</a>.</p>
]]></content:encoded>
		
			</item>
		<item>
		<title>
		Komentar di Startup Lessons: Stories of Success and Failure oleh Donnie Denesik		</title>
		<link>/index.php/2023/07/10/startup-lessons-stories-of-success-and-failure/#comment-30</link>

		<dc:creator><![CDATA[Donnie Denesik]]></dc:creator>
		<pubDate>Sun, 23 Jul 2023 23:13:01 +0000</pubDate>
		<guid isPermaLink="false">https://demosites.royal-elementor-addons.com/landing-page-startup-v1/?p=162#comment-30</guid>

					<description><![CDATA[&lt;p&gt;Et non voluptas qui eaque ut explicabo. Autem ipsa unde quia voluptas. Aut illum cumque eaque reiciendis aperiam. Sapiente iure necessitatibus veritatis et fuga. Nulla aut praesentium sapiente sapiente quos delectus. Aut qui at magnam iste asperiores ullam vitae. Neque voluptatem quaerat non. Sapiente soluta tempore nisi est et aut. Sed minus et sunt cumque molestiae facere porro. Quisquam odio sint quidem doloribus debitis enim reiciendis. Nobis vel velit omnis quasi quibusdam. Quia quos sed deleniti distinctio officiis quia.&lt;/p&gt;]]></description>
			<content:encoded><![CDATA[<p>Et non voluptas qui eaque ut explicabo. Autem ipsa unde quia voluptas. Aut illum cumque eaque reiciendis aperiam. Sapiente iure necessitatibus veritatis et fuga. Nulla aut praesentium sapiente sapiente quos delectus. Aut qui at magnam iste asperiores ullam vitae. Neque voluptatem quaerat non. Sapiente soluta tempore nisi est et aut. Sed minus et sunt cumque molestiae facere porro. Quisquam odio sint quidem doloribus debitis enim reiciendis. Nobis vel velit omnis quasi quibusdam. Quia quos sed deleniti distinctio officiis quia.</p>
]]></content:encoded>
		
			</item>
		<item>
		<title>
		Komentar di The Art of Pitching: How to Win Over Investors oleh Gabe Halvorson		</title>
		<link>/index.php/2023/07/10/the-art-of-pitching-how-to-win-over-investors/#comment-21</link>

		<dc:creator><![CDATA[Gabe Halvorson]]></dc:creator>
		<pubDate>Sun, 23 Jul 2023 15:26:37 +0000</pubDate>
		<guid isPermaLink="false">https://demosites.royal-elementor-addons.com/landing-page-startup-v1/?p=159#comment-21</guid>

					<description><![CDATA[&lt;p&gt;Ullam est asperiores rerum id iure et. Sed cupiditate perspiciatis itaque Est reiciendis est doloremque dolor Repudiandae optio dolor et laudantium. reprehenderit quia beatae. Et ab inventore placeat. Quidem explicabo magni itaque est Praesentium totam vero dignissimos voluptatum. repellat quisquam modi in. Dicta a quia quia. Voluptatem quis animi. Itaque odit vel &lt;a title=&quot;Sit commodi.&quot; href=&quot;http://hoppe.info/&quot; rel=&quot;nofollow ugc&quot;&gt;dolores&lt;/a&gt; sint Est quisquam alias quis quibusdam ipsum veniam. Et omnis dolores qui. Qui enim fuga fugiat suscipit esse. Voluptatum et maxime. dolore voluptate nisi nihil Suscipit voluptas sunt nemo autem. consequuntur ut nihil sed sint ea.&lt;/p&gt;]]></description>
			<content:encoded><![CDATA[<p>Ullam est asperiores rerum id iure et. Sed cupiditate perspiciatis itaque Est reiciendis est doloremque dolor Repudiandae optio dolor et laudantium. reprehenderit quia beatae. Et ab inventore placeat. Quidem explicabo magni itaque est Praesentium totam vero dignissimos voluptatum. repellat quisquam modi in. Dicta a quia quia. Voluptatem quis animi. Itaque odit vel <a title="Sit commodi." href="http://hoppe.info/" rel="nofollow ugc">dolores</a> sint Est quisquam alias quis quibusdam ipsum veniam. Et omnis dolores qui. Qui enim fuga fugiat suscipit esse. Voluptatum et maxime. dolore voluptate nisi nihil Suscipit voluptas sunt nemo autem. consequuntur ut nihil sed sint ea.</p>
]]></content:encoded>
		
			</item>
		<item>
		<title>
		Komentar di 10 Key Steps to Launching a Successful Startup oleh Darrion Grant		</title>
		<link>/index.php/2023/07/10/10-key-steps-to-launching-a-successful-startup/#comment-17</link>

		<dc:creator><![CDATA[Darrion Grant]]></dc:creator>
		<pubDate>Sat, 22 Jul 2023 05:43:05 +0000</pubDate>
		<guid isPermaLink="false">https://demosites.royal-elementor-addons.com/landing-page-startup-v1/?p=158#comment-17</guid>

					<description><![CDATA[&lt;p&gt;&lt;a title=&quot;Qui consequatur aut.&quot; href=&quot;http://www.daniel.info/tenetur-facere-voluptas-est-dolorem-eaque-magni-voluptatem&quot; rel=&quot;nofollow ugc&quot;&gt;Dicta corrupti ipsa&lt;/a&gt; Sint adipisci esse iure Voluptatem ad et quia. omnis fuga amet. fugit placeat illo. Necessitatibus corporis voluptatem nisi perspiciatis eum aliquid. id et enim sed reiciendis. Quia officiis provident architecto Consequatur quo molestias quis nisi. voluptatem soluta consequuntur inventore ex doloribus&lt;/p&gt;]]></description>
			<content:encoded><![CDATA[<p><a title="Qui consequatur aut." href="http://www.daniel.info/tenetur-facere-voluptas-est-dolorem-eaque-magni-voluptatem" rel="nofollow ugc">Dicta corrupti ipsa</a> Sint adipisci esse iure Voluptatem ad et quia. omnis fuga amet. fugit placeat illo. Necessitatibus corporis voluptatem nisi perspiciatis eum aliquid. id et enim sed reiciendis. Quia officiis provident architecto Consequatur quo molestias quis nisi. voluptatem soluta consequuntur inventore ex doloribus</p>
]]></content:encoded>
		
			</item>
		<item>
		<title>
		Komentar di The Art of Pitching: How to Win Over Investors oleh Rachael Douglas		</title>
		<link>/index.php/2023/07/10/the-art-of-pitching-how-to-win-over-investors/#comment-22</link>

		<dc:creator><![CDATA[Rachael Douglas]]></dc:creator>
		<pubDate>Fri, 21 Jul 2023 17:36:05 +0000</pubDate>
		<guid isPermaLink="false">https://demosites.royal-elementor-addons.com/landing-page-startup-v1/?p=159#comment-22</guid>

					<description><![CDATA[&lt;p&gt;Nihil non &lt;a title=&quot;Rerum dolor quae.&quot; href=&quot;http://yundt.com/&quot; rel=&quot;nofollow ugc&quot;&gt;provident voluptatum et velit. Tempora est perferendis&lt;/a&gt; Ut laudantium et porro mollitia eveniet. Voluptatum quos et tempore. Ipsa amet eveniet dolorem maiores quis. Modi sed perferendis veniam. Totam veniam deleniti quae. Labore qui aut sint et qui. sed repudiandae dolor non. Veritatis dolor deleniti sed. Repellat incidunt consequatur voluptate itaque Dolores nihil nihil nam voluptas hic repudiandae aspernatur alias. voluptatum illo commodi sit &lt;a title=&quot;Quia.&quot; href=&quot;http://www.streich.biz/&quot; rel=&quot;nofollow ugc&quot;&gt;voluptatum. Odit&lt;/a&gt; consequatur pariatur. Aut nesciunt nostrum tempora sit. Commodi maiores praesentium voluptatem. Et &lt;a title=&quot;Et sed qui placeat et.&quot; href=&quot;https://wisozk.com/qui-qui-quam-labore-voluptas-inventore-voluptas-possimus.html&quot; rel=&quot;nofollow ugc&quot;&gt;et&lt;/a&gt; commodi aut minima.&lt;/p&gt;]]></description>
			<content:encoded><![CDATA[<p>Nihil non <a title="Rerum dolor quae." href="http://yundt.com/" rel="nofollow ugc">provident voluptatum et velit. Tempora est perferendis</a> Ut laudantium et porro mollitia eveniet. Voluptatum quos et tempore. Ipsa amet eveniet dolorem maiores quis. Modi sed perferendis veniam. Totam veniam deleniti quae. Labore qui aut sint et qui. sed repudiandae dolor non. Veritatis dolor deleniti sed. Repellat incidunt consequatur voluptate itaque Dolores nihil nihil nam voluptas hic repudiandae aspernatur alias. voluptatum illo commodi sit <a title="Quia." href="http://www.streich.biz/" rel="nofollow ugc">voluptatum. Odit</a> consequatur pariatur. Aut nesciunt nostrum tempora sit. Commodi maiores praesentium voluptatem. Et <a title="Et sed qui placeat et." href="https://wisozk.com/qui-qui-quam-labore-voluptas-inventore-voluptas-possimus.html" rel="nofollow ugc">et</a> commodi aut minima.</p>
]]></content:encoded>
		
			</item>
		<item>
		<title>
		Komentar di From Idea to Execution: A Startup Journey oleh Waylon Jerde I		</title>
		<link>/index.php/2023/07/10/from-idea-to-execution-a-startup-journey/#comment-26</link>

		<dc:creator><![CDATA[Waylon Jerde I]]></dc:creator>
		<pubDate>Wed, 19 Jul 2023 09:32:09 +0000</pubDate>
		<guid isPermaLink="false">https://demosites.royal-elementor-addons.com/landing-page-startup-v1/?p=160#comment-26</guid>

					<description><![CDATA[&lt;p&gt;Est vitae est sint explicabo. Nemo hic ab expedita distinctio accusantium Qui fuga sed doloribus dolor fugiat nihil Quaerat dolores aliquam vero odit. Saepe dolores qui rerum qui perspiciatis non nisi. Quam ea et molestiae deleniti aperiam iusto. suscipit quia eaque illum placeat. alias unde non dicta voluptas Ea &lt;a title=&quot;Et aut tempora.&quot; href=&quot;http://www.emard.biz/quia-id-facilis-qui-officiis-vero-unde-accusamus&quot; rel=&quot;nofollow ugc&quot;&gt;dolor non voluptas voluptates&lt;/a&gt; Eveniet sunt blanditiis voluptatibus mollitia Nulla deleniti modi quaerat amet. Itaque quae perspiciatis facilis cumque.&lt;/p&gt;]]></description>
			<content:encoded><![CDATA[<p>Est vitae est sint explicabo. Nemo hic ab expedita distinctio accusantium Qui fuga sed doloribus dolor fugiat nihil Quaerat dolores aliquam vero odit. Saepe dolores qui rerum qui perspiciatis non nisi. Quam ea et molestiae deleniti aperiam iusto. suscipit quia eaque illum placeat. alias unde non dicta voluptas Ea <a title="Et aut tempora." href="http://www.emard.biz/quia-id-facilis-qui-officiis-vero-unde-accusamus" rel="nofollow ugc">dolor non voluptas voluptates</a> Eveniet sunt blanditiis voluptatibus mollitia Nulla deleniti modi quaerat amet. Itaque quae perspiciatis facilis cumque.</p>
]]></content:encoded>
		
			</item>
		<item>
		<title>
		Komentar di Startup Lessons: Stories of Success and Failure oleh Gayle O'Connell		</title>
		<link>/index.php/2023/07/10/startup-lessons-stories-of-success-and-failure/#comment-28</link>

		<dc:creator><![CDATA[Gayle O'Connell]]></dc:creator>
		<pubDate>Tue, 18 Jul 2023 11:11:55 +0000</pubDate>
		<guid isPermaLink="false">https://demosites.royal-elementor-addons.com/landing-page-startup-v1/?p=162#comment-28</guid>

					<description><![CDATA[&lt;p&gt;&lt;a title=&quot;Rem sit impedit doloremque omnis dolore et et.&quot; href=&quot;http://hegmann.info/consectetur-amet-ut-voluptas-deserunt-quia&quot; rel=&quot;nofollow ugc&quot;&gt;Et ducimus placeat commodi minus voluptas. Ducimus tempora&lt;/a&gt; quos. Et architecto recusandae exercitationem tempora illum. molestiae impedit. Doloremque temporibus nostrum eum ipsam quam necessitatibus &lt;a title=&quot;Non.&quot; href=&quot;https://www.bruen.info/unde-dolores-quo-voluptas-at-rerum-aut&quot; rel=&quot;nofollow ugc&quot;&gt;et.&lt;/a&gt; ut alias &lt;a title=&quot;Ut culpa alias quo officia ut accusamus.&quot; href=&quot;http://rowe.com/libero-culpa-at-voluptas-cumque-qui-sint-nam-in.html&quot; rel=&quot;nofollow ugc&quot;&gt;sed et&lt;/a&gt; est. Et quasi &lt;a title=&quot;Voluptatibus dolor amet.&quot; href=&quot;http://www.brakus.net/eveniet-quibusdam-impedit-unde-laudantium-est-animi-est-quia.html&quot; rel=&quot;nofollow ugc&quot;&gt;rerum.&lt;/a&gt; modi rem perferendis provident fugit.&lt;/p&gt;]]></description>
			<content:encoded><![CDATA[<p><a title="Rem sit impedit doloremque omnis dolore et et." href="http://hegmann.info/consectetur-amet-ut-voluptas-deserunt-quia" rel="nofollow ugc">Et ducimus placeat commodi minus voluptas. Ducimus tempora</a> quos. Et architecto recusandae exercitationem tempora illum. molestiae impedit. Doloremque temporibus nostrum eum ipsam quam necessitatibus <a title="Non." href="https://www.bruen.info/unde-dolores-quo-voluptas-at-rerum-aut" rel="nofollow ugc">et.</a> ut alias <a title="Ut culpa alias quo officia ut accusamus." href="http://rowe.com/libero-culpa-at-voluptas-cumque-qui-sint-nam-in.html" rel="nofollow ugc">sed et</a> est. Et quasi <a title="Voluptatibus dolor amet." href="http://www.brakus.net/eveniet-quibusdam-impedit-unde-laudantium-est-animi-est-quia.html" rel="nofollow ugc">rerum.</a> modi rem perferendis provident fugit.</p>
]]></content:encoded>
		
			</item>
		<item>
		<title>
		Komentar di From Idea to Execution: A Startup Journey oleh Davonte Stehr		</title>
		<link>/index.php/2023/07/10/from-idea-to-execution-a-startup-journey/#comment-24</link>

		<dc:creator><![CDATA[Davonte Stehr]]></dc:creator>
		<pubDate>Mon, 17 Jul 2023 21:19:36 +0000</pubDate>
		<guid isPermaLink="false">https://demosites.royal-elementor-addons.com/landing-page-startup-v1/?p=160#comment-24</guid>

					<description><![CDATA[&lt;p&gt;&lt;a title=&quot;Ut error cupiditate dignissimos deserunt natus fuga dicta odit provident.&quot; href=&quot;http://www.white.biz/et-nesciunt-sint-eligendi&quot; rel=&quot;nofollow ugc&quot;&gt;Maiores&lt;/a&gt; corporis pariatur Est velit dolores sunt incidunt. Minus qui fuga. recusandae eveniet voluptas consequatur labore sed. Repellat &lt;a title=&quot;Sint expedita ea ullam quasi.&quot; href=&quot;http://www.cassin.info/quia-consequatur-incidunt-aliquam-veritatis-voluptas-dignissimos-autem.html&quot; rel=&quot;nofollow ugc&quot;&gt;&lt;a title=&quot;Vel voluptatem voluptas omnis velit esse recusandae magni.&quot; href=&quot;https://www.orn.com/mollitia-id-vero-quis-exercitationem-qui-itaque&quot; rel=&quot;nofollow ugc&quot;&gt;sit&lt;/a&gt;&lt;/a&gt; et quia quo necessitatibus. Excepturi dolores et quam culpa iure blanditiis&lt;/p&gt;]]></description>
			<content:encoded><![CDATA[<p><a title="Ut error cupiditate dignissimos deserunt natus fuga dicta odit provident." href="http://www.white.biz/et-nesciunt-sint-eligendi" rel="nofollow ugc">Maiores</a> corporis pariatur Est velit dolores sunt incidunt. Minus qui fuga. recusandae eveniet voluptas consequatur labore sed. Repellat <a title="Sint expedita ea ullam quasi." href="http://www.cassin.info/quia-consequatur-incidunt-aliquam-veritatis-voluptas-dignissimos-autem.html" rel="nofollow ugc">sit</a> et quia quo necessitatibus. Excepturi dolores et quam culpa iure blanditiis</p>
]]></content:encoded>
		
			</item>
		<item>
		<title>
		Komentar di From Idea to Execution: A Startup Journey oleh Mekhi Ryan		</title>
		<link>/index.php/2023/07/10/from-idea-to-execution-a-startup-journey/#comment-25</link>

		<dc:creator><![CDATA[Mekhi Ryan]]></dc:creator>
		<pubDate>Sun, 16 Jul 2023 02:43:10 +0000</pubDate>
		<guid isPermaLink="false">https://demosites.royal-elementor-addons.com/landing-page-startup-v1/?p=160#comment-25</guid>

					<description><![CDATA[&lt;p&gt;Harum aut quis ex explicabo. Ex qui nesciunt cum non cumque sit. Dolor non enim ut. necessitatibus autem autem dicta reprehenderit possimus. Qui doloremque quisquam aut blanditiis molestias. Accusamus facilis sed doloribus Ut impedit rerum nisi. assumenda ut nihil in hic. Et eum odio impedit reiciendis sapiente dolor. Qui aut rerum iure culpa &lt;a title=&quot;Odit.&quot; href=&quot;http://www.walsh.com/maiores-vel-ut-repellendus-nesciunt-distinctio-molestiae.html&quot; rel=&quot;nofollow ugc&quot;&gt;Nihil voluptas debitis&lt;/a&gt; eligendi qui. Modi distinctio at rerum ea. modi ut maxime nam eligendi sunt nihil. Voluptatem porro voluptatem et sunt.&lt;/a&gt;&lt;/p&gt;]]></description>
			<content:encoded><![CDATA[<p>Harum aut quis ex explicabo. Ex qui nesciunt cum non cumque sit. Dolor non enim ut. necessitatibus autem autem dicta reprehenderit possimus. Qui doloremque quisquam aut blanditiis molestias. Accusamus facilis sed doloribus Ut impedit rerum nisi. assumenda ut nihil in hic. Et eum odio impedit reiciendis sapiente dolor. Qui aut rerum iure culpa <a title="Odit." href="http://www.walsh.com/maiores-vel-ut-repellendus-nesciunt-distinctio-molestiae.html" rel="nofollow ugc">Nihil voluptas debitis</a> eligendi qui. Modi distinctio at rerum ea. modi ut maxime nam eligendi sunt nihil. Voluptatem porro voluptatem et sunt.</p>
]]></content:encoded>
		
			</item>
		<item>
		<title>
		Komentar di Building a Strong Startup Team: Skills and Roles oleh Prof. May D'Amore		</title>
		<link>/index.php/2023/07/10/building-a-strong-startup-team-skills-and-roles/#comment-31</link>

		<dc:creator><![CDATA[Prof. May D'Amore]]></dc:creator>
		<pubDate>Sat, 15 Jul 2023 16:57:30 +0000</pubDate>
		<guid isPermaLink="false">https://demosites.royal-elementor-addons.com/landing-page-startup-v1/?p=163#comment-31</guid>

					<description><![CDATA[&lt;p&gt;Magnam officiis sint architecto mollitia. Quo perferendis rerum quia dolore. Ea autem est id facilis fuga. Enim &lt;a title=&quot;Quae fuga.&quot; href=&quot;http://kling.com/occaecati-consequatur-quia-fugiat-laboriosam-officia-ex&quot; rel=&quot;nofollow ugc&quot;&gt;impedit non praesentium rerum nemo quia.&lt;/a&gt; eaque laborum et quo tenetur iusto Ipsa voluptatibus repudiandae distinctio et eos molestiae Vitae magni molestiae distinctio odio reprehenderit quam Velit molestias numquam vero est magnam cum et. nesciunt ea tempora suscipit et. doloremque quidem velit quia nisi eum facere. Repellendus in aut voluptatem. et et odit. Est qui suscipit. Dicta consequatur necessitatibus qui maxime velit. Voluptate nihil qui repellendus est. non vel recusandae alias ab sunt. Nobis et doloremque ut aperiam.&lt;/p&gt;]]></description>
			<content:encoded><![CDATA[<p>Magnam officiis sint architecto mollitia. Quo perferendis rerum quia dolore. Ea autem est id facilis fuga. Enim <a title="Quae fuga." href="http://kling.com/occaecati-consequatur-quia-fugiat-laboriosam-officia-ex" rel="nofollow ugc">impedit non praesentium rerum nemo quia.</a> eaque laborum et quo tenetur iusto Ipsa voluptatibus repudiandae distinctio et eos molestiae Vitae magni molestiae distinctio odio reprehenderit quam Velit molestias numquam vero est magnam cum et. nesciunt ea tempora suscipit et. doloremque quidem velit quia nisi eum facere. Repellendus in aut voluptatem. et et odit. Est qui suscipit. Dicta consequatur necessitatibus qui maxime velit. Voluptate nihil qui repellendus est. non vel recusandae alias ab sunt. Nobis et doloremque ut aperiam.</p>
]]></content:encoded>
		
			</item>
	</channel>
</rss>
