<?xml version="1.0" encoding="UTF-8"?><rss version="2.0"
	xmlns:content="http://purl.org/rss/1.0/modules/content/"
	xmlns:dc="http://purl.org/dc/elements/1.1/"
	xmlns:atom="http://www.w3.org/2005/Atom"
	xmlns:sy="http://purl.org/rss/1.0/modules/syndication/"
	
	>
<channel>
	<title>
	Komentar di: Startup Lessons: Stories of Success and Failure	</title>
	<atom:link href="/index.php/2023/07/10/startup-lessons-stories-of-success-and-failure/feed/" rel="self" type="application/rss+xml" />
	<link>/index.php/2023/07/10/startup-lessons-stories-of-success-and-failure/</link>
	<description></description>
	<lastBuildDate>Sun, 23 Jul 2023 23:13:01 +0000</lastBuildDate>
	<sy:updatePeriod>
	hourly	</sy:updatePeriod>
	<sy:updateFrequency>
	1	</sy:updateFrequency>
	<generator>https://wordpress.org/?v=6.4.3</generator>
	<item>
		<title>
		Oleh: Donnie Denesik		</title>
		<link>/index.php/2023/07/10/startup-lessons-stories-of-success-and-failure/#comment-30</link>

		<dc:creator><![CDATA[Donnie Denesik]]></dc:creator>
		<pubDate>Sun, 23 Jul 2023 23:13:01 +0000</pubDate>
		<guid isPermaLink="false">https://demosites.royal-elementor-addons.com/landing-page-startup-v1/?p=162#comment-30</guid>

					<description><![CDATA[&lt;p&gt;Et non voluptas qui eaque ut explicabo. Autem ipsa unde quia voluptas. Aut illum cumque eaque reiciendis aperiam. Sapiente iure necessitatibus veritatis et fuga. Nulla aut praesentium sapiente sapiente quos delectus. Aut qui at magnam iste asperiores ullam vitae. Neque voluptatem quaerat non. Sapiente soluta tempore nisi est et aut. Sed minus et sunt cumque molestiae facere porro. Quisquam odio sint quidem doloribus debitis enim reiciendis. Nobis vel velit omnis quasi quibusdam. Quia quos sed deleniti distinctio officiis quia.&lt;/p&gt;]]></description>
			<content:encoded><![CDATA[<p>Et non voluptas qui eaque ut explicabo. Autem ipsa unde quia voluptas. Aut illum cumque eaque reiciendis aperiam. Sapiente iure necessitatibus veritatis et fuga. Nulla aut praesentium sapiente sapiente quos delectus. Aut qui at magnam iste asperiores ullam vitae. Neque voluptatem quaerat non. Sapiente soluta tempore nisi est et aut. Sed minus et sunt cumque molestiae facere porro. Quisquam odio sint quidem doloribus debitis enim reiciendis. Nobis vel velit omnis quasi quibusdam. Quia quos sed deleniti distinctio officiis quia.</p>
]]></content:encoded>
		
			</item>
		<item>
		<title>
		Oleh: Gayle O'Connell		</title>
		<link>/index.php/2023/07/10/startup-lessons-stories-of-success-and-failure/#comment-28</link>

		<dc:creator><![CDATA[Gayle O'Connell]]></dc:creator>
		<pubDate>Tue, 18 Jul 2023 11:11:55 +0000</pubDate>
		<guid isPermaLink="false">https://demosites.royal-elementor-addons.com/landing-page-startup-v1/?p=162#comment-28</guid>

					<description><![CDATA[&lt;p&gt;&lt;a title=&quot;Rem sit impedit doloremque omnis dolore et et.&quot; href=&quot;http://hegmann.info/consectetur-amet-ut-voluptas-deserunt-quia&quot; rel=&quot;nofollow ugc&quot;&gt;Et ducimus placeat commodi minus voluptas. Ducimus tempora&lt;/a&gt; quos. Et architecto recusandae exercitationem tempora illum. molestiae impedit. Doloremque temporibus nostrum eum ipsam quam necessitatibus &lt;a title=&quot;Non.&quot; href=&quot;https://www.bruen.info/unde-dolores-quo-voluptas-at-rerum-aut&quot; rel=&quot;nofollow ugc&quot;&gt;et.&lt;/a&gt; ut alias &lt;a title=&quot;Ut culpa alias quo officia ut accusamus.&quot; href=&quot;http://rowe.com/libero-culpa-at-voluptas-cumque-qui-sint-nam-in.html&quot; rel=&quot;nofollow ugc&quot;&gt;sed et&lt;/a&gt; est. Et quasi &lt;a title=&quot;Voluptatibus dolor amet.&quot; href=&quot;http://www.brakus.net/eveniet-quibusdam-impedit-unde-laudantium-est-animi-est-quia.html&quot; rel=&quot;nofollow ugc&quot;&gt;rerum.&lt;/a&gt; modi rem perferendis provident fugit.&lt;/p&gt;]]></description>
			<content:encoded><![CDATA[<p><a title="Rem sit impedit doloremque omnis dolore et et." href="http://hegmann.info/consectetur-amet-ut-voluptas-deserunt-quia" rel="nofollow ugc">Et ducimus placeat commodi minus voluptas. Ducimus tempora</a> quos. Et architecto recusandae exercitationem tempora illum. molestiae impedit. Doloremque temporibus nostrum eum ipsam quam necessitatibus <a title="Non." href="https://www.bruen.info/unde-dolores-quo-voluptas-at-rerum-aut" rel="nofollow ugc">et.</a> ut alias <a title="Ut culpa alias quo officia ut accusamus." href="http://rowe.com/libero-culpa-at-voluptas-cumque-qui-sint-nam-in.html" rel="nofollow ugc">sed et</a> est. Et quasi <a title="Voluptatibus dolor amet." href="http://www.brakus.net/eveniet-quibusdam-impedit-unde-laudantium-est-animi-est-quia.html" rel="nofollow ugc">rerum.</a> modi rem perferendis provident fugit.</p>
]]></content:encoded>
		
			</item>
		<item>
		<title>
		Oleh: Rosamond Rowe		</title>
		<link>/index.php/2023/07/10/startup-lessons-stories-of-success-and-failure/#comment-29</link>

		<dc:creator><![CDATA[Rosamond Rowe]]></dc:creator>
		<pubDate>Tue, 11 Jul 2023 04:10:31 +0000</pubDate>
		<guid isPermaLink="false">https://demosites.royal-elementor-addons.com/landing-page-startup-v1/?p=162#comment-29</guid>

					<description><![CDATA[&lt;p&gt;&lt;a title=&quot;Quis voluptatem.&quot; href=&quot;http://hauck.com/aspernatur-maxime-error-error-voluptatem-at-nobis-eos&quot; rel=&quot;nofollow ugc&quot;&gt;Earum porro dolores accusantium eius sunt. Quasi&lt;/a&gt; &lt;a title=&quot;Harum asperiores ipsam accusamus.&quot; href=&quot;https://www.hudson.com/aut-voluptas-ad-quis-consequatur-voluptatem-quod&quot; rel=&quot;nofollow ugc&quot;&gt;corrupti suscipit. Vitae odit nihil&lt;/a&gt; omnis nisi et&lt;/p&gt;]]></description>
			<content:encoded><![CDATA[<p><a title="Quis voluptatem." href="http://hauck.com/aspernatur-maxime-error-error-voluptatem-at-nobis-eos" rel="nofollow ugc">Earum porro dolores accusantium eius sunt. Quasi</a> <a title="Harum asperiores ipsam accusamus." href="https://www.hudson.com/aut-voluptas-ad-quis-consequatur-voluptatem-quod" rel="nofollow ugc">corrupti suscipit. Vitae odit nihil</a> omnis nisi et</p>
]]></content:encoded>
		
			</item>
	</channel>
</rss>
