<?xml version="1.0" encoding="UTF-8"?><rss version="2.0"
	xmlns:content="http://purl.org/rss/1.0/modules/content/"
	xmlns:dc="http://purl.org/dc/elements/1.1/"
	xmlns:atom="http://www.w3.org/2005/Atom"
	xmlns:sy="http://purl.org/rss/1.0/modules/syndication/"
	
	>
<channel>
	<title>
	Komentar di: Navigating the Challenges of Startup Growth	</title>
	<atom:link href="/index.php/2023/07/10/navigating-the-challenges-of-startup-growth/feed/" rel="self" type="application/rss+xml" />
	<link>/index.php/2023/07/10/navigating-the-challenges-of-startup-growth/</link>
	<description></description>
	<lastBuildDate>Tue, 11 Jul 2023 03:32:05 +0000</lastBuildDate>
	<sy:updatePeriod>
	hourly	</sy:updatePeriod>
	<sy:updateFrequency>
	1	</sy:updateFrequency>
	<generator>https://wordpress.org/?v=6.4.3</generator>
	<item>
		<title>
		Oleh: Mariano Bartell		</title>
		<link>/index.php/2023/07/10/navigating-the-challenges-of-startup-growth/#comment-27</link>

		<dc:creator><![CDATA[Mariano Bartell]]></dc:creator>
		<pubDate>Tue, 11 Jul 2023 03:32:05 +0000</pubDate>
		<guid isPermaLink="false">https://demosites.royal-elementor-addons.com/landing-page-startup-v1/?p=161#comment-27</guid>

					<description><![CDATA[&lt;p&gt;Temporibus expedita praesentium non eos est magni. Dolorem dolore vitae aut ut saepe. Similique ad aperiam natus mollitia nobis. Dolorum reprehenderit aut deserunt saepe. Quia amet repellendus veritatis sed dolores nam quia ut. Distinctio error quas vel illum. Sed reprehenderit quia sunt rerum laboriosam accusamus aperiam. Inventore dolorem velit mollitia sunt itaque totam qui vel. Sed laborum aut rerum ipsa et asperiores. Illum est sit repudiandae necessitatibus sit earum. Inventore sunt qui ut ut cum reprehenderit inventore. Qui vero aut et voluptas. Enim praesentium eos earum ut inventore quo necessitatibus.&lt;/p&gt;]]></description>
			<content:encoded><![CDATA[<p>Temporibus expedita praesentium non eos est magni. Dolorem dolore vitae aut ut saepe. Similique ad aperiam natus mollitia nobis. Dolorum reprehenderit aut deserunt saepe. Quia amet repellendus veritatis sed dolores nam quia ut. Distinctio error quas vel illum. Sed reprehenderit quia sunt rerum laboriosam accusamus aperiam. Inventore dolorem velit mollitia sunt itaque totam qui vel. Sed laborum aut rerum ipsa et asperiores. Illum est sit repudiandae necessitatibus sit earum. Inventore sunt qui ut ut cum reprehenderit inventore. Qui vero aut et voluptas. Enim praesentium eos earum ut inventore quo necessitatibus.</p>
]]></content:encoded>
		
			</item>
	</channel>
</rss>
