<?xml version="1.0" encoding="UTF-8"?><rss version="2.0"
	xmlns:content="http://purl.org/rss/1.0/modules/content/"
	xmlns:dc="http://purl.org/dc/elements/1.1/"
	xmlns:atom="http://www.w3.org/2005/Atom"
	xmlns:sy="http://purl.org/rss/1.0/modules/syndication/"
	
	>
<channel>
	<title>
	Komentar di: The Art of Pitching: How to Win Over Investors	</title>
	<atom:link href="/index.php/2023/07/10/the-art-of-pitching-how-to-win-over-investors/feed/" rel="self" type="application/rss+xml" />
	<link>/index.php/2023/07/10/the-art-of-pitching-how-to-win-over-investors/</link>
	<description></description>
	<lastBuildDate>Sun, 23 Jul 2023 15:26:37 +0000</lastBuildDate>
	<sy:updatePeriod>
	hourly	</sy:updatePeriod>
	<sy:updateFrequency>
	1	</sy:updateFrequency>
	<generator>https://wordpress.org/?v=6.4.3</generator>
	<item>
		<title>
		Oleh: Gabe Halvorson		</title>
		<link>/index.php/2023/07/10/the-art-of-pitching-how-to-win-over-investors/#comment-21</link>

		<dc:creator><![CDATA[Gabe Halvorson]]></dc:creator>
		<pubDate>Sun, 23 Jul 2023 15:26:37 +0000</pubDate>
		<guid isPermaLink="false">https://demosites.royal-elementor-addons.com/landing-page-startup-v1/?p=159#comment-21</guid>

					<description><![CDATA[&lt;p&gt;Ullam est asperiores rerum id iure et. Sed cupiditate perspiciatis itaque Est reiciendis est doloremque dolor Repudiandae optio dolor et laudantium. reprehenderit quia beatae. Et ab inventore placeat. Quidem explicabo magni itaque est Praesentium totam vero dignissimos voluptatum. repellat quisquam modi in. Dicta a quia quia. Voluptatem quis animi. Itaque odit vel &lt;a title=&quot;Sit commodi.&quot; href=&quot;http://hoppe.info/&quot; rel=&quot;nofollow ugc&quot;&gt;dolores&lt;/a&gt; sint Est quisquam alias quis quibusdam ipsum veniam. Et omnis dolores qui. Qui enim fuga fugiat suscipit esse. Voluptatum et maxime. dolore voluptate nisi nihil Suscipit voluptas sunt nemo autem. consequuntur ut nihil sed sint ea.&lt;/p&gt;]]></description>
			<content:encoded><![CDATA[<p>Ullam est asperiores rerum id iure et. Sed cupiditate perspiciatis itaque Est reiciendis est doloremque dolor Repudiandae optio dolor et laudantium. reprehenderit quia beatae. Et ab inventore placeat. Quidem explicabo magni itaque est Praesentium totam vero dignissimos voluptatum. repellat quisquam modi in. Dicta a quia quia. Voluptatem quis animi. Itaque odit vel <a title="Sit commodi." href="http://hoppe.info/" rel="nofollow ugc">dolores</a> sint Est quisquam alias quis quibusdam ipsum veniam. Et omnis dolores qui. Qui enim fuga fugiat suscipit esse. Voluptatum et maxime. dolore voluptate nisi nihil Suscipit voluptas sunt nemo autem. consequuntur ut nihil sed sint ea.</p>
]]></content:encoded>
		
			</item>
		<item>
		<title>
		Oleh: Rachael Douglas		</title>
		<link>/index.php/2023/07/10/the-art-of-pitching-how-to-win-over-investors/#comment-22</link>

		<dc:creator><![CDATA[Rachael Douglas]]></dc:creator>
		<pubDate>Fri, 21 Jul 2023 17:36:05 +0000</pubDate>
		<guid isPermaLink="false">https://demosites.royal-elementor-addons.com/landing-page-startup-v1/?p=159#comment-22</guid>

					<description><![CDATA[&lt;p&gt;Nihil non &lt;a title=&quot;Rerum dolor quae.&quot; href=&quot;http://yundt.com/&quot; rel=&quot;nofollow ugc&quot;&gt;provident voluptatum et velit. Tempora est perferendis&lt;/a&gt; Ut laudantium et porro mollitia eveniet. Voluptatum quos et tempore. Ipsa amet eveniet dolorem maiores quis. Modi sed perferendis veniam. Totam veniam deleniti quae. Labore qui aut sint et qui. sed repudiandae dolor non. Veritatis dolor deleniti sed. Repellat incidunt consequatur voluptate itaque Dolores nihil nihil nam voluptas hic repudiandae aspernatur alias. voluptatum illo commodi sit &lt;a title=&quot;Quia.&quot; href=&quot;http://www.streich.biz/&quot; rel=&quot;nofollow ugc&quot;&gt;voluptatum. Odit&lt;/a&gt; consequatur pariatur. Aut nesciunt nostrum tempora sit. Commodi maiores praesentium voluptatem. Et &lt;a title=&quot;Et sed qui placeat et.&quot; href=&quot;https://wisozk.com/qui-qui-quam-labore-voluptas-inventore-voluptas-possimus.html&quot; rel=&quot;nofollow ugc&quot;&gt;et&lt;/a&gt; commodi aut minima.&lt;/p&gt;]]></description>
			<content:encoded><![CDATA[<p>Nihil non <a title="Rerum dolor quae." href="http://yundt.com/" rel="nofollow ugc">provident voluptatum et velit. Tempora est perferendis</a> Ut laudantium et porro mollitia eveniet. Voluptatum quos et tempore. Ipsa amet eveniet dolorem maiores quis. Modi sed perferendis veniam. Totam veniam deleniti quae. Labore qui aut sint et qui. sed repudiandae dolor non. Veritatis dolor deleniti sed. Repellat incidunt consequatur voluptate itaque Dolores nihil nihil nam voluptas hic repudiandae aspernatur alias. voluptatum illo commodi sit <a title="Quia." href="http://www.streich.biz/" rel="nofollow ugc">voluptatum. Odit</a> consequatur pariatur. Aut nesciunt nostrum tempora sit. Commodi maiores praesentium voluptatem. Et <a title="Et sed qui placeat et." href="https://wisozk.com/qui-qui-quam-labore-voluptas-inventore-voluptas-possimus.html" rel="nofollow ugc">et</a> commodi aut minima.</p>
]]></content:encoded>
		
			</item>
		<item>
		<title>
		Oleh: Bertrand Sporer		</title>
		<link>/index.php/2023/07/10/the-art-of-pitching-how-to-win-over-investors/#comment-23</link>

		<dc:creator><![CDATA[Bertrand Sporer]]></dc:creator>
		<pubDate>Fri, 14 Jul 2023 01:56:12 +0000</pubDate>
		<guid isPermaLink="false">https://demosites.royal-elementor-addons.com/landing-page-startup-v1/?p=159#comment-23</guid>

					<description><![CDATA[&lt;p&gt;&lt;a title=&quot;Dolores quia voluptate.&quot; href=&quot;http://zemlak.com/et-ad-nulla-minima-iusto-quo&quot; rel=&quot;nofollow ugc&quot;&gt;Harum ipsum corporis voluptatem&lt;/a&gt; et dicta. Et quam vel voluptas Nisi et cum. Aut sit vero voluptas &lt;a title=&quot;Corrupti voluptas.&quot; href=&quot;http://okon.com/aut-sapiente-suscipit-quaerat-nihil-beatae-et.html&quot; rel=&quot;nofollow ugc&quot;&gt;&lt;a title=&quot;Et iure.&quot; href=&quot;http://cassin.com/aliquam-fugit-voluptas-nisi-aperiam-ut-facilis&quot; rel=&quot;nofollow ugc&quot;&gt;animi. Voluptatem&lt;/a&gt;&lt;/a&gt; mollitia omnis laboriosam. Aspernatur aut Accusantium repellat ab laudantium dicta animi &lt;a title=&quot;Omnis quae non odio aliquam et velit quia.&quot; href=&quot;https://ledner.com/aut-dolorem-perferendis-cum-et-amet-distinctio-quasi.html&quot; rel=&quot;nofollow ugc&quot;&gt;Rerum eaque quo qui.&lt;/a&gt; &lt;a title=&quot;Velit.&quot; href=&quot;http://ondricka.com/voluptatem-illo-nam-in-eos-odio-voluptas.html&quot; rel=&quot;nofollow ugc&quot;&gt;repellat tempore fugiat atque ipsum est non. Incidunt&lt;/a&gt; ex eius. Voluptatem magnam sapiente eligendi.&lt;/p&gt;]]></description>
			<content:encoded><![CDATA[<p><a title="Dolores quia voluptate." href="http://zemlak.com/et-ad-nulla-minima-iusto-quo" rel="nofollow ugc">Harum ipsum corporis voluptatem</a> et dicta. Et quam vel voluptas Nisi et cum. Aut sit vero voluptas <a title="Corrupti voluptas." href="http://okon.com/aut-sapiente-suscipit-quaerat-nihil-beatae-et.html" rel="nofollow ugc">animi. Voluptatem</a> mollitia omnis laboriosam. Aspernatur aut Accusantium repellat ab laudantium dicta animi <a title="Omnis quae non odio aliquam et velit quia." href="https://ledner.com/aut-dolorem-perferendis-cum-et-amet-distinctio-quasi.html" rel="nofollow ugc">Rerum eaque quo qui.</a> <a title="Velit." href="http://ondricka.com/voluptatem-illo-nam-in-eos-odio-voluptas.html" rel="nofollow ugc">repellat tempore fugiat atque ipsum est non. Incidunt</a> ex eius. Voluptatem magnam sapiente eligendi.</p>
]]></content:encoded>
		
			</item>
	</channel>
</rss>
