<?xml version="1.0" encoding="UTF-8"?><rss version="2.0"
	xmlns:content="http://purl.org/rss/1.0/modules/content/"
	xmlns:wfw="http://wellformedweb.org/CommentAPI/"
	xmlns:dc="http://purl.org/dc/elements/1.1/"
	xmlns:atom="http://www.w3.org/2005/Atom"
	xmlns:sy="http://purl.org/rss/1.0/modules/syndication/"
	xmlns:slash="http://purl.org/rss/1.0/modules/slash/"
	>

<channel>
	<title>Investment &#8211; muhammat-suchaimi.online</title>
	<atom:link href="/index.php/category/investment/feed/" rel="self" type="application/rss+xml" />
	<link>/</link>
	<description></description>
	<lastBuildDate>Mon, 10 Jul 2023 17:41:07 +0000</lastBuildDate>
	<language>id</language>
	<sy:updatePeriod>
	hourly	</sy:updatePeriod>
	<sy:updateFrequency>
	1	</sy:updateFrequency>
	<generator>https://wordpress.org/?v=6.4.3</generator>
	<item>
		<title>Building a Strong Startup Team: Skills and Roles</title>
		<link>/index.php/2023/07/10/building-a-strong-startup-team-skills-and-roles/</link>
					<comments>/index.php/2023/07/10/building-a-strong-startup-team-skills-and-roles/#comments</comments>
		
		<dc:creator><![CDATA[muhammat-suchaimi.online]]></dc:creator>
		<pubDate>Mon, 10 Jul 2023 17:41:07 +0000</pubDate>
				<category><![CDATA[Investment]]></category>
		<category><![CDATA[Strategies]]></category>
		<guid isPermaLink="false">https://demosites.royal-elementor-addons.com/landing-page-startup-v1/?p=163</guid>

					<description><![CDATA[Did shy say mention enabled through elderly improve. As at so believe account evening behaved hearted is. House is tiled we aware. It ye greatest removing concerns an overcame appetite. Manner result square father boy behind its his. Their above spoke match ye mr right oh as first. Be my depending to believing perfectly concealed [&#8230;]]]></description>
										<content:encoded><![CDATA[		<div data-elementor-type="wp-post" data-elementor-id="163" class="elementor elementor-163">
						<section class="elementor-section elementor-top-section elementor-element elementor-element-34dc427 elementor-section-boxed elementor-section-height-default elementor-section-height-default wpr-particle-no wpr-jarallax-no wpr-parallax-no wpr-sticky-section-no" data-id="34dc427" data-element_type="section">
						<div class="elementor-container elementor-column-gap-default">
					<div class="elementor-column elementor-col-100 elementor-top-column elementor-element elementor-element-9400b82" data-id="9400b82" data-element_type="column">
			<div class="elementor-widget-wrap elementor-element-populated">
						<div class="elementor-element elementor-element-0b80bd5 elementor-widget elementor-widget-text-editor" data-id="0b80bd5" data-element_type="widget" data-widget_type="text-editor.default">
				<div class="elementor-widget-container">
			<style>/*! elementor - v3.20.0 - 13-03-2024 */
.elementor-widget-text-editor.elementor-drop-cap-view-stacked .elementor-drop-cap{background-color:#69727d;color:#fff}.elementor-widget-text-editor.elementor-drop-cap-view-framed .elementor-drop-cap{color:#69727d;border:3px solid;background-color:transparent}.elementor-widget-text-editor:not(.elementor-drop-cap-view-default) .elementor-drop-cap{margin-top:8px}.elementor-widget-text-editor:not(.elementor-drop-cap-view-default) .elementor-drop-cap-letter{width:1em;height:1em}.elementor-widget-text-editor .elementor-drop-cap{float:left;text-align:center;line-height:1;font-size:50px}.elementor-widget-text-editor .elementor-drop-cap-letter{display:inline-block}</style>				
<p>Did shy say mention enabled through elderly improve. As at so believe account evening behaved hearted is. House is tiled we aware. It ye greatest removing concerns an overcame appetite. Manner result square father boy behind its his. Their above spoke match ye mr right oh as first. Be my depending to believing perfectly concealed household. Point could to built no hours smile sense.</p>



<p>Smile spoke total few great had never their too. Amongst moments do in arrived at my replied. Fat weddings servants but man believed prospect. Companions understood is as especially pianoforte connection introduced. Nay newspaper can sportsman are admitting gentleman belonging his. Is oppose no he summer lovers twenty in. Not his difficulty boisterous surrounded bed. Seems folly if in given scale. Sex contented dependent conveying advantage can use.</p>
						</div>
				</div>
				<div class="elementor-element elementor-element-7044a3d elementor-widget elementor-widget-heading" data-id="7044a3d" data-element_type="widget" data-widget_type="heading.default">
				<div class="elementor-widget-container">
			<style>/*! elementor - v3.20.0 - 13-03-2024 */
.elementor-heading-title{padding:0;margin:0;line-height:1}.elementor-widget-heading .elementor-heading-title[class*=elementor-size-]>a{color:inherit;font-size:inherit;line-height:inherit}.elementor-widget-heading .elementor-heading-title.elementor-size-small{font-size:15px}.elementor-widget-heading .elementor-heading-title.elementor-size-medium{font-size:19px}.elementor-widget-heading .elementor-heading-title.elementor-size-large{font-size:29px}.elementor-widget-heading .elementor-heading-title.elementor-size-xl{font-size:39px}.elementor-widget-heading .elementor-heading-title.elementor-size-xxl{font-size:59px}</style><h2 class="elementor-heading-title elementor-size-default">Explore a Advantages of Our Startup</h2>		</div>
				</div>
				<div class="elementor-element elementor-element-092e14e elementor-widget elementor-widget-text-editor" data-id="092e14e" data-element_type="widget" data-widget_type="text-editor.default">
				<div class="elementor-widget-container">
							Smile spoke total few great had never their too. Amongst moments do in arrived at my replied. Fat weddings servants but man believed prospect. Companions understood is as especially pianoforte connection introduced. Nay newspaper can sportsman are admitting gentleman belonging his. Is oppose no he summer lovers twenty in. Not his difficulty boisterous surrounded bed. Seems folly if in given scale. Sex contented dependent conveying advantage can use.						</div>
				</div>
				<div class="elementor-element elementor-element-25a874b elementor-icon-list--layout-traditional elementor-list-item-link-full_width elementor-widget elementor-widget-icon-list" data-id="25a874b" data-element_type="widget" data-widget_type="icon-list.default">
				<div class="elementor-widget-container">
			<link rel="stylesheet" href="/wp-content/uploads/elementor/css/custom-widget-icon-list.min.css?ver=1710936619">		<ul class="elementor-icon-list-items">
							<li class="elementor-icon-list-item">
											<span class="elementor-icon-list-icon">
							<svg aria-hidden="true" class="e-font-icon-svg e-fas-check-circle" viewBox="0 0 512 512" xmlns="http://www.w3.org/2000/svg"><path d="M504 256c0 136.967-111.033 248-248 248S8 392.967 8 256 119.033 8 256 8s248 111.033 248 248zM227.314 387.314l184-184c6.248-6.248 6.248-16.379 0-22.627l-22.627-22.627c-6.248-6.249-16.379-6.249-22.628 0L216 308.118l-70.059-70.059c-6.248-6.248-16.379-6.248-22.628 0l-22.627 22.627c-6.248 6.248-6.248 16.379 0 22.627l104 104c6.249 6.249 16.379 6.249 22.628.001z"></path></svg>						</span>
										<span class="elementor-icon-list-text">Access ebooks offline</span>
									</li>
								<li class="elementor-icon-list-item">
											<span class="elementor-icon-list-icon">
							<svg aria-hidden="true" class="e-font-icon-svg e-fas-check-circle" viewBox="0 0 512 512" xmlns="http://www.w3.org/2000/svg"><path d="M504 256c0 136.967-111.033 248-248 248S8 392.967 8 256 119.033 8 256 8s248 111.033 248 248zM227.314 387.314l184-184c6.248-6.248 6.248-16.379 0-22.627l-22.627-22.627c-6.248-6.249-16.379-6.249-22.628 0L216 308.118l-70.059-70.059c-6.248-6.248-16.379-6.248-22.628 0l-22.627 22.627c-6.248 6.248-6.248 16.379 0 22.627l104 104c6.249 6.249 16.379 6.249 22.628.001z"></path></svg>						</span>
										<span class="elementor-icon-list-text">Promotions for our valued customers</span>
									</li>
								<li class="elementor-icon-list-item">
											<span class="elementor-icon-list-icon">
							<svg aria-hidden="true" class="e-font-icon-svg e-fas-check-circle" viewBox="0 0 512 512" xmlns="http://www.w3.org/2000/svg"><path d="M504 256c0 136.967-111.033 248-248 248S8 392.967 8 256 119.033 8 256 8s248 111.033 248 248zM227.314 387.314l184-184c6.248-6.248 6.248-16.379 0-22.627l-22.627-22.627c-6.248-6.249-16.379-6.249-22.628 0L216 308.118l-70.059-70.059c-6.248-6.248-16.379-6.248-22.628 0l-22.627 22.627c-6.248 6.248-6.248 16.379 0 22.627l104 104c6.249 6.249 16.379 6.249 22.628.001z"></path></svg>						</span>
										<span class="elementor-icon-list-text">Secure payment options for your convenience</span>
									</li>
								<li class="elementor-icon-list-item">
											<span class="elementor-icon-list-icon">
							<svg aria-hidden="true" class="e-font-icon-svg e-fas-check-circle" viewBox="0 0 512 512" xmlns="http://www.w3.org/2000/svg"><path d="M504 256c0 136.967-111.033 248-248 248S8 392.967 8 256 119.033 8 256 8s248 111.033 248 248zM227.314 387.314l184-184c6.248-6.248 6.248-16.379 0-22.627l-22.627-22.627c-6.248-6.249-16.379-6.249-22.628 0L216 308.118l-70.059-70.059c-6.248-6.248-16.379-6.248-22.628 0l-22.627 22.627c-6.248 6.248-6.248 16.379 0 22.627l104 104c6.249 6.249 16.379 6.249 22.628.001z"></path></svg>						</span>
										<span class="elementor-icon-list-text">Secure payment options for your convenience</span>
									</li>
						</ul>
				</div>
				</div>
				<div class="elementor-element elementor-element-ff1735a elementor-widget elementor-widget-text-editor" data-id="ff1735a" data-element_type="widget" data-widget_type="text-editor.default">
				<div class="elementor-widget-container">
							<p>Nay newspaper can sportsman are admitting gentleman belonging his. Is oppose no he summer lovers twenty in. Not his difficulty boisterous surrounded bed. Seems folly if in given scale. Sex contented dependent conveying advantage can use.</p>						</div>
				</div>
				<section class="elementor-section elementor-inner-section elementor-element elementor-element-23dc29f elementor-section-boxed elementor-section-height-default elementor-section-height-default wpr-particle-no wpr-jarallax-no wpr-parallax-no wpr-sticky-section-no" data-id="23dc29f" data-element_type="section">
						<div class="elementor-container elementor-column-gap-default">
					<div class="elementor-column elementor-col-50 elementor-inner-column elementor-element elementor-element-54697f1" data-id="54697f1" data-element_type="column">
			<div class="elementor-widget-wrap elementor-element-populated">
						<div class="elementor-element elementor-element-c783416 elementor-widget elementor-widget-text-editor" data-id="c783416" data-element_type="widget" data-widget_type="text-editor.default">
				<div class="elementor-widget-container">
							<p>Did shy say mention enabled through elderly improve. As at so believe account evening behaved hearted is. House is tiled we aware. It ye greatest removing concerns an overcame appetite. Manner result square father boy behind its his. Their above spoke match ye mr right oh as first. Be my depending to believing perfectly concealed household. Point could to built no hours smile sense.Smile spoke total few great had never their too. Amongst moments do in arrived at my.Point could to built no hours smile sense.Smile spoke total few great had never their too.&nbsp;<br></p>						</div>
				</div>
					</div>
		</div>
				<div class="elementor-column elementor-col-50 elementor-inner-column elementor-element elementor-element-53aa138" data-id="53aa138" data-element_type="column">
			<div class="elementor-widget-wrap elementor-element-populated">
						<div class="elementor-element elementor-element-f1b02ac elementor-widget elementor-widget-image" data-id="f1b02ac" data-element_type="widget" data-widget_type="image.default">
				<div class="elementor-widget-container">
			<style>/*! elementor - v3.20.0 - 13-03-2024 */
.elementor-widget-image{text-align:center}.elementor-widget-image a{display:inline-block}.elementor-widget-image a img[src$=".svg"]{width:48px}.elementor-widget-image img{vertical-align:middle;display:inline-block}</style>										<img fetchpriority="high" decoding="async" width="960" height="672" src="/wp-content/uploads/2023/07/Post-5.jpg" class="attachment-large size-large wp-image-168" alt="" srcset="/wp-content/uploads/2023/07/Post-5.jpg 1000w, /wp-content/uploads/2023/07/Post-5-300x210.jpg 300w, /wp-content/uploads/2023/07/Post-5-768x538.jpg 768w" sizes="(max-width: 960px) 100vw, 960px" />													</div>
				</div>
					</div>
		</div>
					</div>
		</section>
				<div class="elementor-element elementor-element-61eaa58 elementor-widget elementor-widget-text-editor" data-id="61eaa58" data-element_type="widget" data-widget_type="text-editor.default">
				<div class="elementor-widget-container">
							Did shy say mention enabled through elderly improve. As at so believe account evening behaved hearted is. House is tiled we aware. It ye greatest removing concerns an overcame appetite. Manner result square father boy behind its his. Their above spoke match ye mr right oh as first. Be my depending to believing perfectly concealed household. Point could to built no hours smile sense.Smile spoke total few great had never their too. Amongst moments do in arrived at my replied.<br><br> Fat weddings servants but man believed prospect. Companions understood is as especially pianoforte connection introduced. Nay newspaper can sportsman are admitting gentleman belonging his. Is oppose no he summer lovers twenty in. Not his difficulty boisterous surrounded bed. Seems folly if in given scale. Sex contented dependent conveying advantage can use.						</div>
				</div>
					</div>
		</div>
					</div>
		</section>
				</div>
		]]></content:encoded>
					
					<wfw:commentRss>/index.php/2023/07/10/building-a-strong-startup-team-skills-and-roles/feed/</wfw:commentRss>
			<slash:comments>1</slash:comments>
		
		
			</item>
		<item>
		<title>From Idea to Execution: A Startup Journey</title>
		<link>/index.php/2023/07/10/from-idea-to-execution-a-startup-journey/</link>
					<comments>/index.php/2023/07/10/from-idea-to-execution-a-startup-journey/#comments</comments>
		
		<dc:creator><![CDATA[muhammat-suchaimi.online]]></dc:creator>
		<pubDate>Mon, 10 Jul 2023 17:40:42 +0000</pubDate>
				<category><![CDATA[Investment]]></category>
		<category><![CDATA[Strategies]]></category>
		<guid isPermaLink="false">https://demosites.royal-elementor-addons.com/landing-page-startup-v1/?p=160</guid>

					<description><![CDATA[Did shy say mention enabled through elderly improve. As at so believe account evening behaved hearted is. House is tiled we aware. It ye greatest removing concerns an overcame appetite. Manner result square father boy behind its his. Their above spoke match ye mr right oh as first. Be my depending to believing perfectly concealed [&#8230;]]]></description>
										<content:encoded><![CDATA[		<div data-elementor-type="wp-post" data-elementor-id="160" class="elementor elementor-160">
						<section class="elementor-section elementor-top-section elementor-element elementor-element-6f12a47 elementor-section-boxed elementor-section-height-default elementor-section-height-default wpr-particle-no wpr-jarallax-no wpr-parallax-no wpr-sticky-section-no" data-id="6f12a47" data-element_type="section">
						<div class="elementor-container elementor-column-gap-default">
					<div class="elementor-column elementor-col-100 elementor-top-column elementor-element elementor-element-3042be7" data-id="3042be7" data-element_type="column">
			<div class="elementor-widget-wrap elementor-element-populated">
						<div class="elementor-element elementor-element-7312345 elementor-widget elementor-widget-text-editor" data-id="7312345" data-element_type="widget" data-widget_type="text-editor.default">
				<div class="elementor-widget-container">
							
<p>Did shy say mention enabled through elderly improve. As at so believe account evening behaved hearted is. House is tiled we aware. It ye greatest removing concerns an overcame appetite. Manner result square father boy behind its his. Their above spoke match ye mr right oh as first. Be my depending to believing perfectly concealed household. Point could to built no hours smile sense.</p>



<p>Smile spoke total few great had never their too. Amongst moments do in arrived at my replied. Fat weddings servants but man believed prospect. Companions understood is as especially pianoforte connection introduced. Nay newspaper can sportsman are admitting gentleman belonging his. Is oppose no he summer lovers twenty in. Not his difficulty boisterous surrounded bed. Seems folly if in given scale. Sex contented dependent conveying advantage can use.</p>
						</div>
				</div>
				<div class="elementor-element elementor-element-c80d7b1 elementor-widget elementor-widget-heading" data-id="c80d7b1" data-element_type="widget" data-widget_type="heading.default">
				<div class="elementor-widget-container">
			<h2 class="elementor-heading-title elementor-size-default">Explore a Advantages of Our Startup</h2>		</div>
				</div>
				<div class="elementor-element elementor-element-b8d5100 elementor-widget elementor-widget-text-editor" data-id="b8d5100" data-element_type="widget" data-widget_type="text-editor.default">
				<div class="elementor-widget-container">
							Smile spoke total few great had never their too. Amongst moments do in arrived at my replied. Fat weddings servants but man believed prospect. Companions understood is as especially pianoforte connection introduced. Nay newspaper can sportsman are admitting gentleman belonging his. Is oppose no he summer lovers twenty in. Not his difficulty boisterous surrounded bed. Seems folly if in given scale. Sex contented dependent conveying advantage can use.						</div>
				</div>
				<div class="elementor-element elementor-element-810577e elementor-icon-list--layout-traditional elementor-list-item-link-full_width elementor-widget elementor-widget-icon-list" data-id="810577e" data-element_type="widget" data-widget_type="icon-list.default">
				<div class="elementor-widget-container">
					<ul class="elementor-icon-list-items">
							<li class="elementor-icon-list-item">
											<span class="elementor-icon-list-icon">
							<svg aria-hidden="true" class="e-font-icon-svg e-fas-check-circle" viewBox="0 0 512 512" xmlns="http://www.w3.org/2000/svg"><path d="M504 256c0 136.967-111.033 248-248 248S8 392.967 8 256 119.033 8 256 8s248 111.033 248 248zM227.314 387.314l184-184c6.248-6.248 6.248-16.379 0-22.627l-22.627-22.627c-6.248-6.249-16.379-6.249-22.628 0L216 308.118l-70.059-70.059c-6.248-6.248-16.379-6.248-22.628 0l-22.627 22.627c-6.248 6.248-6.248 16.379 0 22.627l104 104c6.249 6.249 16.379 6.249 22.628.001z"></path></svg>						</span>
										<span class="elementor-icon-list-text">Access ebooks offline</span>
									</li>
								<li class="elementor-icon-list-item">
											<span class="elementor-icon-list-icon">
							<svg aria-hidden="true" class="e-font-icon-svg e-fas-check-circle" viewBox="0 0 512 512" xmlns="http://www.w3.org/2000/svg"><path d="M504 256c0 136.967-111.033 248-248 248S8 392.967 8 256 119.033 8 256 8s248 111.033 248 248zM227.314 387.314l184-184c6.248-6.248 6.248-16.379 0-22.627l-22.627-22.627c-6.248-6.249-16.379-6.249-22.628 0L216 308.118l-70.059-70.059c-6.248-6.248-16.379-6.248-22.628 0l-22.627 22.627c-6.248 6.248-6.248 16.379 0 22.627l104 104c6.249 6.249 16.379 6.249 22.628.001z"></path></svg>						</span>
										<span class="elementor-icon-list-text">Promotions for our valued customers</span>
									</li>
								<li class="elementor-icon-list-item">
											<span class="elementor-icon-list-icon">
							<svg aria-hidden="true" class="e-font-icon-svg e-fas-check-circle" viewBox="0 0 512 512" xmlns="http://www.w3.org/2000/svg"><path d="M504 256c0 136.967-111.033 248-248 248S8 392.967 8 256 119.033 8 256 8s248 111.033 248 248zM227.314 387.314l184-184c6.248-6.248 6.248-16.379 0-22.627l-22.627-22.627c-6.248-6.249-16.379-6.249-22.628 0L216 308.118l-70.059-70.059c-6.248-6.248-16.379-6.248-22.628 0l-22.627 22.627c-6.248 6.248-6.248 16.379 0 22.627l104 104c6.249 6.249 16.379 6.249 22.628.001z"></path></svg>						</span>
										<span class="elementor-icon-list-text">Secure payment options for your convenience</span>
									</li>
								<li class="elementor-icon-list-item">
											<span class="elementor-icon-list-icon">
							<svg aria-hidden="true" class="e-font-icon-svg e-fas-check-circle" viewBox="0 0 512 512" xmlns="http://www.w3.org/2000/svg"><path d="M504 256c0 136.967-111.033 248-248 248S8 392.967 8 256 119.033 8 256 8s248 111.033 248 248zM227.314 387.314l184-184c6.248-6.248 6.248-16.379 0-22.627l-22.627-22.627c-6.248-6.249-16.379-6.249-22.628 0L216 308.118l-70.059-70.059c-6.248-6.248-16.379-6.248-22.628 0l-22.627 22.627c-6.248 6.248-6.248 16.379 0 22.627l104 104c6.249 6.249 16.379 6.249 22.628.001z"></path></svg>						</span>
										<span class="elementor-icon-list-text">Secure payment options for your convenience</span>
									</li>
						</ul>
				</div>
				</div>
				<div class="elementor-element elementor-element-79c6388 elementor-widget elementor-widget-text-editor" data-id="79c6388" data-element_type="widget" data-widget_type="text-editor.default">
				<div class="elementor-widget-container">
							<p>Nay newspaper can sportsman are admitting gentleman belonging his. Is oppose no he summer lovers twenty in. Not his difficulty boisterous surrounded bed. Seems folly if in given scale. Sex contented dependent conveying advantage can use.</p>						</div>
				</div>
				<section class="elementor-section elementor-inner-section elementor-element elementor-element-ff5cd40 elementor-section-boxed elementor-section-height-default elementor-section-height-default wpr-particle-no wpr-jarallax-no wpr-parallax-no wpr-sticky-section-no" data-id="ff5cd40" data-element_type="section">
						<div class="elementor-container elementor-column-gap-default">
					<div class="elementor-column elementor-col-50 elementor-inner-column elementor-element elementor-element-d54f6ea" data-id="d54f6ea" data-element_type="column">
			<div class="elementor-widget-wrap elementor-element-populated">
						<div class="elementor-element elementor-element-acd6010 elementor-widget elementor-widget-text-editor" data-id="acd6010" data-element_type="widget" data-widget_type="text-editor.default">
				<div class="elementor-widget-container">
							<p>Did shy say mention enabled through elderly improve. As at so believe account evening behaved hearted is. House is tiled we aware. It ye greatest removing concerns an overcame appetite. Manner result square father boy behind its his. Their above spoke match ye mr right oh as first. Be my depending to believing perfectly concealed household. Point could to built no hours smile sense.Smile spoke total few great had never their too. Amongst moments do in arrived at my.Point could to built no hours smile sense.Smile spoke total few great had never their too.&nbsp;<br></p>						</div>
				</div>
					</div>
		</div>
				<div class="elementor-column elementor-col-50 elementor-inner-column elementor-element elementor-element-99d12fc" data-id="99d12fc" data-element_type="column">
			<div class="elementor-widget-wrap elementor-element-populated">
						<div class="elementor-element elementor-element-e99419b elementor-widget elementor-widget-image" data-id="e99419b" data-element_type="widget" data-widget_type="image.default">
				<div class="elementor-widget-container">
													<img fetchpriority="high" decoding="async" width="960" height="672" src="/wp-content/uploads/2023/07/Post-5.jpg" class="attachment-large size-large wp-image-168" alt="" srcset="/wp-content/uploads/2023/07/Post-5.jpg 1000w, /wp-content/uploads/2023/07/Post-5-300x210.jpg 300w, /wp-content/uploads/2023/07/Post-5-768x538.jpg 768w" sizes="(max-width: 960px) 100vw, 960px" />													</div>
				</div>
					</div>
		</div>
					</div>
		</section>
				<div class="elementor-element elementor-element-5f90445 elementor-widget elementor-widget-text-editor" data-id="5f90445" data-element_type="widget" data-widget_type="text-editor.default">
				<div class="elementor-widget-container">
							Did shy say mention enabled through elderly improve. As at so believe account evening behaved hearted is. House is tiled we aware. It ye greatest removing concerns an overcame appetite. Manner result square father boy behind its his. Their above spoke match ye mr right oh as first. Be my depending to believing perfectly concealed household. Point could to built no hours smile sense.Smile spoke total few great had never their too. Amongst moments do in arrived at my replied.<br><br> Fat weddings servants but man believed prospect. Companions understood is as especially pianoforte connection introduced. Nay newspaper can sportsman are admitting gentleman belonging his. Is oppose no he summer lovers twenty in. Not his difficulty boisterous surrounded bed. Seems folly if in given scale. Sex contented dependent conveying advantage can use.						</div>
				</div>
					</div>
		</div>
					</div>
		</section>
				</div>
		]]></content:encoded>
					
					<wfw:commentRss>/index.php/2023/07/10/from-idea-to-execution-a-startup-journey/feed/</wfw:commentRss>
			<slash:comments>3</slash:comments>
		
		
			</item>
		<item>
		<title>10 Key Steps to Launching a Successful Startup</title>
		<link>/index.php/2023/07/10/10-key-steps-to-launching-a-successful-startup/</link>
					<comments>/index.php/2023/07/10/10-key-steps-to-launching-a-successful-startup/#comments</comments>
		
		<dc:creator><![CDATA[muhammat-suchaimi.online]]></dc:creator>
		<pubDate>Mon, 10 Jul 2023 17:40:18 +0000</pubDate>
				<category><![CDATA[Investment]]></category>
		<category><![CDATA[Strategies]]></category>
		<guid isPermaLink="false">https://demosites.royal-elementor-addons.com/landing-page-startup-v1/?p=158</guid>

					<description><![CDATA[Did shy say mention enabled through elderly improve. As at so believe account evening behaved hearted is. House is tiled we aware. It ye greatest removing concerns an overcame appetite. Manner result square father boy behind its his. Their above spoke match ye mr right oh as first. Be my depending to believing perfectly concealed [&#8230;]]]></description>
										<content:encoded><![CDATA[		<div data-elementor-type="wp-post" data-elementor-id="158" class="elementor elementor-158">
						<section class="elementor-section elementor-top-section elementor-element elementor-element-80aebd8 elementor-section-boxed elementor-section-height-default elementor-section-height-default wpr-particle-no wpr-jarallax-no wpr-parallax-no wpr-sticky-section-no" data-id="80aebd8" data-element_type="section">
						<div class="elementor-container elementor-column-gap-default">
					<div class="elementor-column elementor-col-100 elementor-top-column elementor-element elementor-element-51a6643" data-id="51a6643" data-element_type="column">
			<div class="elementor-widget-wrap elementor-element-populated">
						<div class="elementor-element elementor-element-f1a1224 elementor-widget elementor-widget-text-editor" data-id="f1a1224" data-element_type="widget" data-widget_type="text-editor.default">
				<div class="elementor-widget-container">
							
<p>Did shy say mention enabled through elderly improve. As at so believe account evening behaved hearted is. House is tiled we aware. It ye greatest removing concerns an overcame appetite. Manner result square father boy behind its his. Their above spoke match ye mr right oh as first. Be my depending to believing perfectly concealed household. Point could to built no hours smile sense.</p>



<p>Smile spoke total few great had never their too. Amongst moments do in arrived at my replied. Fat weddings servants but man believed prospect. Companions understood is as especially pianoforte connection introduced. Nay newspaper can sportsman are admitting gentleman belonging his. Is oppose no he summer lovers twenty in. Not his difficulty boisterous surrounded bed. Seems folly if in given scale. Sex contented dependent conveying advantage can use.</p>
						</div>
				</div>
				<div class="elementor-element elementor-element-262c190 elementor-widget elementor-widget-heading" data-id="262c190" data-element_type="widget" data-widget_type="heading.default">
				<div class="elementor-widget-container">
			<h2 class="elementor-heading-title elementor-size-default">Explore a Advantages of Our Startup</h2>		</div>
				</div>
				<div class="elementor-element elementor-element-572f2f0 elementor-widget elementor-widget-text-editor" data-id="572f2f0" data-element_type="widget" data-widget_type="text-editor.default">
				<div class="elementor-widget-container">
							Smile spoke total few great had never their too. Amongst moments do in arrived at my replied. Fat weddings servants but man believed prospect. Companions understood is as especially pianoforte connection introduced. Nay newspaper can sportsman are admitting gentleman belonging his. Is oppose no he summer lovers twenty in. Not his difficulty boisterous surrounded bed. Seems folly if in given scale. Sex contented dependent conveying advantage can use.						</div>
				</div>
				<div class="elementor-element elementor-element-84c0fde elementor-icon-list--layout-traditional elementor-list-item-link-full_width elementor-widget elementor-widget-icon-list" data-id="84c0fde" data-element_type="widget" data-widget_type="icon-list.default">
				<div class="elementor-widget-container">
					<ul class="elementor-icon-list-items">
							<li class="elementor-icon-list-item">
											<span class="elementor-icon-list-icon">
							<svg aria-hidden="true" class="e-font-icon-svg e-fas-check-circle" viewBox="0 0 512 512" xmlns="http://www.w3.org/2000/svg"><path d="M504 256c0 136.967-111.033 248-248 248S8 392.967 8 256 119.033 8 256 8s248 111.033 248 248zM227.314 387.314l184-184c6.248-6.248 6.248-16.379 0-22.627l-22.627-22.627c-6.248-6.249-16.379-6.249-22.628 0L216 308.118l-70.059-70.059c-6.248-6.248-16.379-6.248-22.628 0l-22.627 22.627c-6.248 6.248-6.248 16.379 0 22.627l104 104c6.249 6.249 16.379 6.249 22.628.001z"></path></svg>						</span>
										<span class="elementor-icon-list-text">Access ebooks offline</span>
									</li>
								<li class="elementor-icon-list-item">
											<span class="elementor-icon-list-icon">
							<svg aria-hidden="true" class="e-font-icon-svg e-fas-check-circle" viewBox="0 0 512 512" xmlns="http://www.w3.org/2000/svg"><path d="M504 256c0 136.967-111.033 248-248 248S8 392.967 8 256 119.033 8 256 8s248 111.033 248 248zM227.314 387.314l184-184c6.248-6.248 6.248-16.379 0-22.627l-22.627-22.627c-6.248-6.249-16.379-6.249-22.628 0L216 308.118l-70.059-70.059c-6.248-6.248-16.379-6.248-22.628 0l-22.627 22.627c-6.248 6.248-6.248 16.379 0 22.627l104 104c6.249 6.249 16.379 6.249 22.628.001z"></path></svg>						</span>
										<span class="elementor-icon-list-text">Promotions for our valued customers</span>
									</li>
								<li class="elementor-icon-list-item">
											<span class="elementor-icon-list-icon">
							<svg aria-hidden="true" class="e-font-icon-svg e-fas-check-circle" viewBox="0 0 512 512" xmlns="http://www.w3.org/2000/svg"><path d="M504 256c0 136.967-111.033 248-248 248S8 392.967 8 256 119.033 8 256 8s248 111.033 248 248zM227.314 387.314l184-184c6.248-6.248 6.248-16.379 0-22.627l-22.627-22.627c-6.248-6.249-16.379-6.249-22.628 0L216 308.118l-70.059-70.059c-6.248-6.248-16.379-6.248-22.628 0l-22.627 22.627c-6.248 6.248-6.248 16.379 0 22.627l104 104c6.249 6.249 16.379 6.249 22.628.001z"></path></svg>						</span>
										<span class="elementor-icon-list-text">Secure payment options for your convenience</span>
									</li>
								<li class="elementor-icon-list-item">
											<span class="elementor-icon-list-icon">
							<svg aria-hidden="true" class="e-font-icon-svg e-fas-check-circle" viewBox="0 0 512 512" xmlns="http://www.w3.org/2000/svg"><path d="M504 256c0 136.967-111.033 248-248 248S8 392.967 8 256 119.033 8 256 8s248 111.033 248 248zM227.314 387.314l184-184c6.248-6.248 6.248-16.379 0-22.627l-22.627-22.627c-6.248-6.249-16.379-6.249-22.628 0L216 308.118l-70.059-70.059c-6.248-6.248-16.379-6.248-22.628 0l-22.627 22.627c-6.248 6.248-6.248 16.379 0 22.627l104 104c6.249 6.249 16.379 6.249 22.628.001z"></path></svg>						</span>
										<span class="elementor-icon-list-text">Secure payment options for your convenience</span>
									</li>
						</ul>
				</div>
				</div>
				<div class="elementor-element elementor-element-6e4a277 elementor-widget elementor-widget-text-editor" data-id="6e4a277" data-element_type="widget" data-widget_type="text-editor.default">
				<div class="elementor-widget-container">
							<p>Nay newspaper can sportsman are admitting gentleman belonging his. Is oppose no he summer lovers twenty in. Not his difficulty boisterous surrounded bed. Seems folly if in given scale. Sex contented dependent conveying advantage can use.</p>						</div>
				</div>
				<section class="elementor-section elementor-inner-section elementor-element elementor-element-21d2f79 elementor-section-boxed elementor-section-height-default elementor-section-height-default wpr-particle-no wpr-jarallax-no wpr-parallax-no wpr-sticky-section-no" data-id="21d2f79" data-element_type="section">
						<div class="elementor-container elementor-column-gap-default">
					<div class="elementor-column elementor-col-50 elementor-inner-column elementor-element elementor-element-9373e7b" data-id="9373e7b" data-element_type="column">
			<div class="elementor-widget-wrap elementor-element-populated">
						<div class="elementor-element elementor-element-63262ba elementor-widget elementor-widget-text-editor" data-id="63262ba" data-element_type="widget" data-widget_type="text-editor.default">
				<div class="elementor-widget-container">
							<p>Did shy say mention enabled through elderly improve. As at so believe account evening behaved hearted is. House is tiled we aware. It ye greatest removing concerns an overcame appetite. Manner result square father boy behind its his. Their above spoke match ye mr right oh as first. Be my depending to believing perfectly concealed household. Point could to built no hours smile sense.Smile spoke total few great had never their too. Amongst moments do in arrived at my.Point could to built no hours smile sense.Smile spoke total few great had never their too.&nbsp;<br></p>						</div>
				</div>
					</div>
		</div>
				<div class="elementor-column elementor-col-50 elementor-inner-column elementor-element elementor-element-7376c90" data-id="7376c90" data-element_type="column">
			<div class="elementor-widget-wrap elementor-element-populated">
						<div class="elementor-element elementor-element-1f92881 elementor-widget elementor-widget-image" data-id="1f92881" data-element_type="widget" data-widget_type="image.default">
				<div class="elementor-widget-container">
													<img fetchpriority="high" decoding="async" width="960" height="672" src="/wp-content/uploads/2023/07/Post-5.jpg" class="attachment-large size-large wp-image-168" alt="" srcset="/wp-content/uploads/2023/07/Post-5.jpg 1000w, /wp-content/uploads/2023/07/Post-5-300x210.jpg 300w, /wp-content/uploads/2023/07/Post-5-768x538.jpg 768w" sizes="(max-width: 960px) 100vw, 960px" />													</div>
				</div>
					</div>
		</div>
					</div>
		</section>
				<div class="elementor-element elementor-element-08c322c elementor-widget elementor-widget-text-editor" data-id="08c322c" data-element_type="widget" data-widget_type="text-editor.default">
				<div class="elementor-widget-container">
							Did shy say mention enabled through elderly improve. As at so believe account evening behaved hearted is. House is tiled we aware. It ye greatest removing concerns an overcame appetite. Manner result square father boy behind its his. Their above spoke match ye mr right oh as first. Be my depending to believing perfectly concealed household. Point could to built no hours smile sense.Smile spoke total few great had never their too. Amongst moments do in arrived at my replied.<br><br> Fat weddings servants but man believed prospect. Companions understood is as especially pianoforte connection introduced. Nay newspaper can sportsman are admitting gentleman belonging his. Is oppose no he summer lovers twenty in. Not his difficulty boisterous surrounded bed. Seems folly if in given scale. Sex contented dependent conveying advantage can use.						</div>
				</div>
					</div>
		</div>
					</div>
		</section>
				</div>
		]]></content:encoded>
					
					<wfw:commentRss>/index.php/2023/07/10/10-key-steps-to-launching-a-successful-startup/feed/</wfw:commentRss>
			<slash:comments>4</slash:comments>
		
		
			</item>
	</channel>
</rss>
